data_referencia,interrupcoes,precipitacao_total_mm,temperatura_media,vento_velocidade_media_ms,vento_velocidade_max_ms,vento_rajada_max_ms,vento_dir_sin,vento_dir_cos,vento_direcao_media_circular_gr,n_dias
2017-01-02,302,0.0,23.18541666666667,1.2312499999999997,2.8,8.1,0.8547981550133917,0.518960609474073,58.7374429706225,2
2017-01-09,1601,21.0,23.91488095238095,2.106547619047619,7.3,17.8,0.9950965961154191,0.0989078581281913,84.32371642856992,7
2017-01-16,2188,37.0,21.808333333333334,1.9922619047619048,4.6,13.6,-0.712555317484294,0.7016159344861383,314.55679485497114,7
2017-01-23,1667,55.0,20.89940476190476,1.8297619047619047,4.7,11.5,0.9868739794163967,-0.16149225600890402,99.29352271077434,7
2017-01-30,1509,30.799999999999997,22.352380952380948,1.988690476190476,6.2,10.2,0.9703512185182485,-0.2416992195273917,103.98685139600668,7
2017-02-06,1887,93.0,21.467857142857138,1.8910714285714287,4.3,13.2,0.4332723600548052,0.9012630370832586,25.67541231676371,7
2017-02-13,1649,69.0,20.875595238095233,2.2970238095238096,5.2,10.7,0.21967006026656177,0.9755742230207218,12.689654792317846,7
2017-02-20,1263,4.4,22.082142857142856,2.543452380952381,6.3,12.2,0.9991707813994913,-0.0407154712306025,92.33346968355093,7
2017-02-27,1467,75.6,21.24761904761905,2.142261904761905,5.0,14.8,0.9920388779606203,0.12593198408122344,82.76542013993499,7
2017-03-06,1138,21.2,21.63154761904762,1.8041666666666667,7.3,14.0,0.9997123566021906,0.02398341211951268,88.6257199371731,7
2017-03-13,960,0.0,23.929761904761904,2.2851190476190477,4.6,9.2,0.9999916156570131,0.004094950021245878,89.76537599074253,7
2017-03-20,1607,53.2,21.09107142857143,1.7452380952380953,4.9,12.7,0.9744089122943488,-0.22478272095813834,102.99010170712765,7
2017-03-27,1161,32.0,22.25595238095238,1.8035714285714286,5.3,12.0,0.8321026323632748,-0.5546216811612299,123.6846610735801,7
2017-04-03,1497,91.0,21.188690476190477,1.8511904761904763,4.7,8.4,0.9989006034986437,0.04687839939722014,87.31308082884402,7
2017-04-10,1173,4.2,22.58511904761905,2.2642857142857142,4.7,9.5,0.9194752957748352,0.39314778450320603,66.84949390832078,7
2017-04-17,798,0.0,22.86845238095238,2.204761904761905,4.5,8.3,0.9044281255566574,-0.4266260255798646,115.25362900984352,7
2017-04-24,897,0.4,22.228571428571428,2.064285714285714,4.6,9.3,0.9852825754594046,0.17093345633925097,80.15790339552952,7
2017-05-01,1027,2.0,21.857738095238094,2.563690476190476,5.2,9.4,0.9963939111476157,-0.08484794533727655,94.86728119206377,7
2017-05-08,931,2.0,20.719642857142855,2.369642857142857,5.8,10.6,0.9841162279680428,-0.17752534987981652,100.22565149213848,7
2017-05-15,887,0.0,21.16547619047619,1.8369047619047618,5.5,9.6,0.6476826426679979,-0.7619102272489842,139.6328899327254,7
2017-05-22,1279,62.199999999999996,20.892261904761906,1.7357142857142855,4.4,11.4,0.9792041535904279,0.202877365891944,78.29472978913243,7
2017-05-29,777,0.0,21.014880952380953,2.263095238095238,5.0,7.9,0.9459303547133213,-0.32436979519050485,108.92739860111243,7
2017-06-05,838,0.0,21.52202380952381,2.0982142857142856,4.4,9.0,0.9955414399695571,-0.09432518912433023,95.41248159013146,7
2017-06-12,940,0.0,20.627976190476193,1.8523809523809525,4.2,8.8,0.8325368472884678,-0.5539696723711314,123.6397776613766,7
2017-06-19,796,0.0,19.788690476190474,2.3285714285714287,5.6,9.8,0.977235348953127,-0.2121581314879538,102.2488543187013,7
2017-06-26,994,0.0,18.166666666666668,3.270833333333333,6.1,12.0,0.9160976613684442,-0.40095520302805326,113.63790642195367,7
2017-07-03,1036,0.0,18.217857142857145,3.0714285714285716,7.3,13.4,0.9381154840474476,-0.3463225932428073,110.26255269621937,7
2017-07-10,997,0.0,16.239285714285714,3.7523809523809524,6.5,11.6,0.9919478520556478,-0.1266469849707708,97.27587704308124,7
2017-07-17,1048,0.0,18.141666666666666,3.1095238095238096,6.4,10.9,0.9852701950146912,-0.17100480348724867,99.84624558288917,7
2017-07-24,912,0.0,18.70416666666667,2.3779761904761902,5.8,11.1,0.942586937322653,-0.333960874338149,109.50936164054127,7
2017-07-31,1218,0.0,17.20952380952381,3.988095238095238,7.7,13.9,0.9937012031457187,-0.11206212057047192,96.43420147596882,7
2017-08-07,1066,0.0,19.66785714285714,2.081547619047619,4.4,10.0,0.9571253191472916,-0.28967416772504095,106.8384499285717,7
2017-08-14,881,0.0,22.366666666666667,2.049404761904762,4.6,11.2,0.9907407524992803,-0.13576730584776248,97.80299179744037,7
2017-08-21,1088,0.0,23.213690476190475,2.4499999999999997,5.0,11.1,0.9999705576590191,0.00767357902875057,89.56033199293223,7
2017-08-28,949,0.0,21.223214285714285,3.336309523809524,6.7,14.0,0.9874320985092,-0.15804382567413885,99.0933710672069,7
2017-09-04,952,0.0,22.033928571428568,3.1273809523809524,6.0,12.2,0.9586177385394117,-0.2846963845179352,106.54070088951904,7
2017-09-11,897,0.0,22.474999999999998,2.994642857142857,5.6,10.3,0.9947788132414396,-0.10205445960835358,95.8574877146689,7
2017-09-18,829,0.0,22.271428571428572,3.620238095238095,6.8,13.4,0.9999925930283603,-0.0038488814499957986,90.22052520740588,7
2017-09-25,835,0.0,22.244642857142857,3.2404761904761905,6.0,11.0,0.9918083551232774,-0.12773482965761138,97.33871632025487,7
2017-10-02,2653,13.0,21.31130952380952,2.394047619047619,5.7,12.2,0.9976534016882531,0.06846670796713598,86.07407525953272,7
2017-10-09,1554,8.6,23.14761904761905,2.738095238095238,6.0,10.8,0.9598911037411976,-0.28037308886286766,106.28247307229877,7
2017-10-16,1106,0.0,26.701190476190476,2.5749999999999997,5.4,12.3,0.9976956601737804,-0.06784813682338234,93.89040061548312,7
2017-10-23,1238,0.0,25.533928571428568,2.9761904761904767,6.2,13.9,0.9609224838733175,0.27681759334755773,73.92963981127707,7
2017-10-30,1476,21.6,24.020238095238092,2.4690476190476187,5.5,11.3,0.9926710237436281,0.12084799799656334,83.05895453343796,7
2017-11-06,1737,28.799999999999997,21.776785714285715,2.3720238095238098,5.0,11.0,0.9933084037744807,0.11549205596487211,83.36799311209275,7
2017-11-13,1859,141.8,20.60297619047619,2.542857142857143,5.5,14.3,0.914396403693926,0.40481998087003407,66.12015329067111,7
2017-11-20,1484,22.599999999999998,22.010119047619046,2.4101190476190477,5.4,11.3,0.31734369815001995,0.948310591127437,18.502358838783177,7
2017-11-27,1807,70.6,21.867261904761904,1.9982142857142855,9.1,16.1,0.033583082166370494,0.9994359292081743,1.9245307419766302,7
2017-12-04,1666,81.80000000000001,20.909523809523808,2.623809523809524,5.9,12.4,-0.1435857518327027,0.9896378791611796,351.74460821926965,7
2017-12-11,1383,55.0,21.271428571428572,2.1351190476190474,4.7,10.9,-0.8548011124690348,0.5189557381142447,301.2622305103342,7
2017-12-18,1573,128.2,19.738690476190474,2.1220238095238098,5.9,10.3,0.36425019169149114,0.9313011316715512,21.361445508295315,7
2017-12-25,1840,53.6,22.33511904761905,1.9041666666666666,4.7,12.8,0.5471119897803918,0.8370594188219497,33.16910811317132,7
2018-01-01,1912,28.599999999999998,22.776785714285715,1.8071428571428572,5.2,12.3,0.6419938581429017,0.7667097795820735,39.940657662274354,7
2018-01-08,1941,66.8,21.03422619047619,1.942824074074074,5.6,12.3,-0.40265100830533307,0.9153535740415824,336.2559892432784,7
2018-01-15,1747,8.6,21.207738095238092,2.406547619047619,5.9,11.0,0.9817704070903382,0.19007069148522493,79.04309029936752,7
2018-01-22,1359,0.2,23.447619047619046,2.2565476190476192,4.5,11.2,0.9979898059332816,-0.06337465781565223,93.63353545116243,7
2018-01-29,1621,57.800000000000004,22.238690476190477,2.0470238095238096,4.8,10.9,0.26583835535002,0.9640176185240582,15.416773952641178,7
2018-02-05,1694,104.00000000000001,20.690476190476193,2.6136904761904765,5.7,11.4,-0.5108185168548168,0.85968857316952,329.2816338690679,7
2018-02-12,1292,79.8,21.526190476190475,2.1732142857142853,5.1,10.5,0.15229191998146813,0.9883355559264061,8.759770111062542,7
2018-02-19,1247,19.4,22.627976190476186,2.654761904761905,6.2,10.5,0.9994907951729503,-0.03190846853961597,91.8285309541793,7
2018-02-26,1884,53.6,21.041666666666664,2.0369047619047618,7.1,15.9,0.021134105323197216,0.99977664985345,1.2109851980538422,7
2018-03-05,1546,70.19999999999999,22.49642857142857,1.6327380952380952,5.3,13.2,0.23826251282981534,0.9712007902488661,13.784015126202156,7
2018-03-12,1657,81.2,21.554761904761904,1.936904761904762,4.9,10.8,-0.9879078934655205,0.15504191055491312,278.919226934977,7
2018-03-19,1505,30.0,22.48928571428571,1.8047619047619048,4.8,11.1,0.26997478282390325,0.9628673930709183,15.662766288495327,7
2018-03-26,1435,53.599999999999994,21.62440476190476,2.0047619047619047,5.5,10.1,0.5153690327165621,0.8569683542096496,31.022124836175994,7
2018-04-02,1006,18.8,21.71190476190476,2.3529761904761903,5.0,11.8,0.9948938842327626,0.1009265035372098,84.20747484476253,7
2018-04-09,1635,101.0,20.683333333333334,1.8642857142857143,6.1,10.2,0.9888893516786491,-0.14865345652416223,98.54890045844662,7
2018-04-16,1291,58.2,20.33154761904762,2.9517857142857147,5.1,11.1,0.9861233424645823,-0.1660143169924814,99.55616326532494,7
2018-04-23,1033,19.8,19.80892857142857,2.492857142857143,5.4,10.6,0.9747833783223303,-0.2231532328838299,102.89430534252585,7
2018-04-30,947,19.0,21.129166666666666,2.35,4.8,8.3,0.9759656875592507,-0.21792424533997823,102.58714312972923,7
2018-05-07,788,0.0,20.98928571428571,2.395833333333333,4.4,9.3,0.9619078926561647,-0.273373747908932,105.86512357466366,7
2018-05-14,826,0.0,20.05103519668737,2.181055900621118,5.3,8.8,0.9485483181783086,-0.316632417925111,108.45938953534329,7
2018-05-21,1374,9.6,19.47738095238095,1.9083333333333332,5.4,11.9,0.9642763771075147,-0.26489822300726373,105.36090528191178,7
2018-05-28,855,0.0,18.917261904761904,2.639285714285714,5.0,9.1,0.9238700009019472,-0.38270644289512046,112.50142704000864,7
2018-06-04,805,0.0,18.30297619047619,2.1910714285714286,5.6,9.2,0.9335642877111102,-0.35840998969120175,111.00258011380856,7
2018-06-11,952,0.0,20.71190476190476,1.9946428571428572,5.0,8.6,0.9830136207276414,0.1835326168939263,79.42440721995486,7
2018-06-18,802,0.0,19.392857142857142,2.011309523809524,4.4,8.6,0.9576861904632737,-0.2878144551546051,106.7271557908925,7
2018-06-25,747,0.0,18.875,2.473809523809524,4.7,10.1,0.9974077418054443,-0.07195690784465396,94.12639330183127,7
2018-07-02,859,0.0,19.177380952380954,2.0833333333333335,4.6,10.1,0.9990864759046714,-0.04273422123292481,92.44923637500389,7
2018-07-09,888,0.0,19.247619047619047,2.013095238095238,4.7,10.5,0.8802058385821867,-0.47459212143253016,118.33279641933309,7
2018-07-16,911,0.0,19.54285714285714,2.0994047619047618,4.9,9.7,0.8335444400437788,-0.552452411047416,123.53542183324711,7
2018-07-23,935,0.0,19.096428571428568,2.836904761904762,5.7,10.5,0.9815936496357232,-0.1909814310209797,101.0100649244057,7
2018-07-30,921,0.0,19.323809523809523,2.4476190476190474,5.6,9.9,0.9957706443459405,-0.09187395636887677,95.2714236197004,7
2018-08-06,1068,0.0,21.775,1.469642857142857,4.3,8.2,0.27277792222375885,0.9620770266186013,15.829636502335196,7
2018-08-13,1159,2.2,21.682738095238097,1.945238095238095,4.7,12.1,0.4793768713906334,-0.8776091471581915,151.35528758975454,7
2018-08-20,1388,16.2,20.426190476190474,2.3916666666666666,4.8,9.4,0.9914540304112981,0.13045652755302437,82.504025915206,7
2018-08-27,873,4.6,22.529166666666665,2.613095238095238,5.6,11.2,0.9846642657353655,-0.17445997759897122,100.04723368175632,7
2018-09-03,1029,0.0,22.199999999999996,2.930357142857143,6.3,11.8,0.9644806786697845,0.2641534032956454,74.68334603913954,7
2018-09-10,778,0.0,21.96845238095238,2.6720238095238096,4.7,11.8,0.7695068938291291,-0.638638505219851,129.69037102122303,7
2018-09-17,1308,12.2,23.185714285714283,2.1357142857142857,4.6,9.7,0.9919096148549915,0.12694611438804382,82.70684464605831,7
2018-09-24,1513,27.4,22.80535714285714,1.9714285714285715,4.2,10.1,0.9647392540927058,-0.26320746876304557,105.26046746687922,7
2018-10-01,984,0.0,25.360714285714288,1.975,3.9,9.1,0.9902538557014852,0.13927419455284037,81.99415079820596,7
2018-10-08,1146,13.4,24.025000000000002,2.0625,5.2,10.8,0.9442442068211281,-0.3292459231102772,109.22301249423938,7
2018-10-15,1182,10.6,24.69107142857143,1.9666666666666668,4.7,11.6,0.9857929203124434,-0.16796522932400218,99.66953421158269,7
2018-10-22,1699,123.2,21.867261904761904,2.055357142857143,4.7,10.0,0.9644601339322953,0.26422840508790696,74.6788904476333,7
2018-10-29,1930,116.2,21.978571428571428,2.038690476190476,4.3,17.9,-0.2842487792942399,-0.9587505574807946,196.5139497538159,7
2018-11-05,1749,58.6,21.502976190476193,1.8333333333333335,6.3,15.8,0.13543656465390766,0.9907860197614559,7.783865056779276,7
2018-11-12,1475,102.0,20.122619047619047,1.8863095238095238,4.6,11.7,0.2087193050158087,0.9779755885060311,12.047310806035556,7
2018-11-19,1569,94.0,21.913095238095234,1.8869047619047616,4.4,11.1,0.6077533260566605,0.7941258682772313,37.42723049676278,7
2018-11-26,1301,54.2,20.06964285714286,2.2607142857142857,4.6,10.1,0.9443899919748611,0.3288275278283766,70.80237334643238,7
2018-12-03,1167,11.6,20.963690476190475,3.0535714285714284,5.5,13.1,0.3328755981800106,0.9429707504139775,19.44340583658437,7
2018-12-10,1561,79.80000000000001,20.767857142857142,2.273214285714286,5.4,13.5,0.24827248013087336,0.9686902371809397,14.375309978408835,7
2018-12-17,1133,0.4,22.172023809523807,2.3970238095238092,4.6,10.6,0.9697234964303495,0.2442055291570973,75.86511215679558,7
2018-12-24,1911,42.4,23.04345238095238,1.8678571428571427,3.9,9.9,0.9835510341659812,-0.18063046030785798,100.4064844796971,7
2018-12-31,1810,65.2,21.508928571428573,1.9446428571428573,5.3,12.8,-0.7485208358363497,0.6631112714460918,311.5375899265522,7
2019-01-07,1543,12.0,22.394642857142856,1.8547619047619046,5.7,12.0,0.8474699336927776,0.5308433963861275,57.93754254935728,7
2019-01-14,1559,9.2,22.064285714285713,2.3392857142857144,6.6,10.8,0.987617307206903,-0.15688229506666995,99.02597954401956,7
2019-01-21,1281,7.4,23.576190476190476,1.9398809523809526,4.3,8.9,0.945317693369651,-0.326150975166843,109.03532105488807,7
2019-01-28,1558,16.0,23.082142857142856,2.4404761904761902,5.4,11.3,0.9986838907923283,-0.05128826641539722,92.93989105657252,7
2019-02-04,1381,8.0,24.480357142857144,2.4476190476190474,4.7,11.2,0.8560374248774827,-0.516913848923714,121.12546532209747,7
2019-02-11,2180,79.6,21.401785714285715,1.7136904761904763,7.1,12.1,0.8010052305277452,0.59865734829466,53.2262023000782,7
2019-02-18,1464,27.4,21.98690476190476,2.2601190476190474,5.0,13.1,-0.9949900692148497,0.09997380738887951,275.7376621928095,7
2019-02-25,1704,34.0,22.202380952380956,1.9208333333333332,4.8,12.6,-0.2516285703207087,0.9678238799483903,345.42609646698816,7
2019-03-04,1294,76.4,21.066666666666666,1.8244047619047616,4.7,12.8,-0.37400081370719923,0.9274283753187375,338.03742951634877,7
2019-03-11,1316,31.0,21.63095238095238,1.9702380952380953,5.7,13.1,0.9903950554335976,-0.13826653308982984,97.9475503849742,7
2019-03-18,1500,21.6,22.442857142857143,1.5797619047619047,4.3,9.2,0.737712288439154,-0.6751152342273625,132.46309944270254,7
2019-03-25,1464,59.8,21.641666666666662,2.020238095238095,5.0,11.0,-0.017767430797841273,-0.9998421467425965,181.0180523656982,7
2019-04-01,1035,78.8,21.68988095238095,2.558928571428571,5.4,9.7,0.9997824192364234,-0.02085939082917895,91.19524174618728,7
2019-04-08,1336,30.4,21.452380952380953,1.4636904761904763,4.4,9.5,0.06887315134001165,0.9976254252095301,3.9492673322302023,7
2019-04-15,1348,202.0,21.297619047619044,1.4172619047619048,3.4,14.2,0.8841725585552745,-0.4671604506995639,117.85013255275838,7
2019-04-22,1301,68.8,21.66547619047619,1.3982142857142856,5.3,12.3,0.9999338764550694,0.011499683366860866,89.34110215439097,7
2019-04-29,1229,18.2,21.75714285714286,2.088690476190476,4.8,11.2,0.9882834381007746,-0.1526297676592362,98.77935632967564,7
2019-05-06,1049,67.0,21.679761904761904,1.9958333333333333,4.6,9.5,0.9807359861976988,-0.19533797730299976,101.2644679569659,7
2019-05-13,837,0.0,22.301190476190477,1.9833333333333332,3.9,8.7,0.9809740445899986,-0.19413892922528322,101.19442663112997,7
2019-05-20,948,1.4,19.933333333333334,1.8125,3.7,8.2,0.88271826151373,-0.4699026184117068,118.0279754717381,7
2019-05-27,918,0.0,20.89345238095238,1.6392857142857142,4.5,8.3,0.7998971147042425,-0.6001371558967399,126.87972134503948,7
2019-06-03,1202,8.0,21.256547619047616,1.6619047619047618,4.2,9.1,0.9903103963929754,-0.13887159103282443,97.98255535291041,7
2019-06-10,876,0.0,18.770238095238092,2.5154761904761904,5.0,9.1,0.8685851749823645,-0.4955399013206256,119.70535834323663,7
2019-06-17,860,0.0,19.157738095238095,2.9095238095238094,5.7,10.3,0.9675635844392684,-0.25262761145020324,104.63305534240315,7
2019-06-24,999,0.0,19.097619047619048,2.4285714285714284,6.0,11.3,0.9850214537690609,-0.17243182889097303,99.92924092892856,7
2019-07-01,810,0.0,19.69940476190476,2.2041666666666666,5.6,10.8,0.9610975656361227,0.27620910435450696,73.96591815293755,7
2019-07-08,1003,0.0,18.64702380952381,2.267261904761905,4.7,10.4,-0.24057016222171906,0.9706317515147626,346.0798057690956,7
2019-07-15,959,0.0,18.83154761904762,2.0339285714285715,4.4,8.6,0.9699433928761194,-0.2433306692876216,104.08320291208189,7
2019-07-22,942,0.0,18.882738095238096,2.892261904761905,5.3,9.8,0.9540598287796035,-0.2996161596260019,107.43455024707795,7
2019-07-29,930,0.0,18.723809523809525,2.8863095238095235,6.2,10.9,0.9956180837595153,-0.09351273330959183,95.36572462657607,7
2019-08-05,1179,0.0,20.917261904761904,2.3416666666666663,6.6,12.3,0.8301753856568935,-0.5575023130440161,123.88324143403429,7
2019-08-12,1045,0.0,20.53452380952381,2.892857142857143,5.9,12.3,0.9975374015893718,-0.07013652707629932,94.02182891665973,7
2019-08-19,1121,0.0,20.860714285714288,2.894642857142857,6.4,12.3,0.9672496412673189,-0.2538269715145396,104.70408882520984,7
2019-08-26,950,0.0,22.733928571428574,2.3232142857142857,4.9,9.0,0.9354707505249215,-0.353404124073758,110.69566849255567,7
2019-09-02,936,0.0,22.89047619047619,2.4345238095238098,5.2,9.9,0.9947858161506845,0.10198617546224871,84.14644519941706,7
2019-09-09,906,0.0,24.39981884057971,3.395419254658385,6.4,11.8,0.9969926187787369,0.07749656831574031,85.55531719627155,7
2019-09-16,961,0.0,25.502976190476186,2.8011904761904765,5.2,10.6,0.9984052980248738,0.05645228849092896,86.76380168537743,7
2019-09-23,1268,0.0,26.572809617918317,2.3667537172971955,6.4,11.8,0.8043494309388224,0.5941565390941957,53.5474729851282,7
2019-09-30,2275,10.200000000000001,22.506547619047616,2.345238095238095,5.6,10.6,0.8827730855165874,-0.4697996163126612,118.0212899838035,7
2019-10-07,1489,0.8,24.81845238095238,2.125,5.1,10.4,0.7967793944434819,0.604270300933513,52.823648452882345,7
2019-10-14,1358,4.0,24.310714285714283,2.644642857142857,5.3,12.5,0.9256796878366986,-0.3783082282036068,112.2289297226923,7
2019-10-21,1192,0.6000000000000001,25.76607142857143,2.232738095238095,5.5,9.9,0.9973263638964687,-0.07307615121945452,94.19069050787081,7
2019-10-28,2115,11.4,22.767857142857142,1.986904761904762,5.5,12.2,0.8649916772475057,0.5017862077544052,59.881754916853986,7
2019-11-04,1761,23.4,24.010119047619046,2.3255952380952385,4.6,17.8,0.997727042506451,-0.06738507736384004,93.8638084030326,7
2019-11-11,2427,24.799999999999997,23.91785714285714,1.8916666666666668,4.5,18.9,-0.5594857424278732,-0.8288399749167095,214.02024086298948,7
2019-11-18,1798,84.4,23.849999999999998,2.232738095238095,4.8,13.5,-0.4216387606234315,0.9067638918373055,335.0619073975307,7
2019-11-25,2451,74.60000000000001,20.64404761904762,1.7636904761904761,7.3,16.1,0.8289671808118126,0.5592972493557566,55.99278822476162,7
2019-12-02,2066,12.0,22.216666666666665,2.0273809523809523,5.5,16.6,-0.3435936207757945,0.9391184290397987,339.90403122657574,7
2019-12-09,2310,128.0,21.609523809523807,1.8529761904761906,4.7,11.5,-0.7633726402515458,0.6459583671688014,310.2375686309385,7
2019-12-16,2511,91.0,22.694047619047616,2.2529761904761907,4.9,17.5,0.839472784957405,-0.5434017328973643,122.91551117923748,7
2019-12-23,2373,34.2,22.65119047619047,2.0053571428571426,4.7,11.8,0.8044081008968779,-0.5940771054429537,126.44686896774697,7
2019-12-30,2049,4.6000000000000005,22.960714285714285,2.294047619047619,4.7,9.7,0.971100387789887,-0.2386713992801208,103.8081385400387,7
2020-01-06,2055,118.2,20.88809523809524,2.545238095238095,6.2,13.0,-0.6650432344208317,0.7468048582803133,318.31435769466316,7
2020-01-13,1659,15.8,23.110119047619044,1.8601190476190477,5.8,12.6,0.503451824644558,0.8640232984486387,30.228634859882547,7
2020-01-20,1798,6.4,24.030357142857145,1.9488095238095238,4.8,9.4,0.8889187726494538,-0.4580648596338608,117.26230675955273,7
2020-01-27,2527,174.8,20.59345238095238,3.208333333333333,6.1,15.3,-0.6104257060750741,0.7920735176501909,322.3797093459856,7
2020-02-03,1423,9.8,23.09047619047619,2.0142857142857147,5.7,11.1,0.9675711024618379,0.25259881567573483,75.36864983745426,7
2020-02-10,1624,107.2,20.2625,2.7624999999999997,6.8,13.4,-0.14925227406542782,0.9887991498207805,351.41640275615123,7
2020-02-17,1480,15.0,22.110119047619044,1.6815476190476188,4.5,10.0,0.3719318063321328,0.9282600559318044,21.83480621109958,7
2020-02-24,1348,47.8,22.251785714285713,1.6732142857142858,4.7,10.9,0.03673699467294448,0.9993249687776244,2.1053484933987012,7
2020-03-02,1451,29.8,21.33511904761905,1.6035714285714284,5.2,12.9,-0.3977392439049959,0.9174984980139652,336.5630764334636,7
2020-03-09,1390,106.6,21.124404761904763,1.793452380952381,4.3,10.8,0.05231630128890654,0.9986305646331121,2.9988723092068286,7
2020-03-16,1074,0.0,22.40892857142857,2.498214285714286,5.0,9.3,0.9798233898743508,0.19986526625488465,78.47091971689085,7
2020-03-23,1439,67.2,22.03690476190476,1.851190476190476,4.4,10.4,-0.2128395165721855,0.9770871712315736,347.7111927179935,7
2020-03-30,1328,97.8,20.76845238095238,2.494642857142857,4.7,10.4,0.9891013664999944,0.14723615991951067,81.53320821791975,7
2020-04-06,1146,10.6,23.53690476190476,1.8482142857142858,4.1,8.6,0.6643596794363291,0.7474130159016887,41.633220481690174,7
2020-04-13,1219,49.599999999999994,21.99642857142857,1.4613095238095237,3.6,9.5,0.8010103757012329,0.5986504639762418,53.226694732721995,7
2020-04-20,1250,47.8,20.469642857142855,2.4023809523809523,4.3,9.5,0.9899922024329116,-0.14112207170401442,98.11278089410028,7
2020-04-27,1169,71.80000000000001,20.026190476190475,2.4333333333333336,5.0,9.9,0.9929545158809296,-0.11849611551299351,96.80531707818884,7
2020-05-04,1039,0.0,19.7375,1.6839285714285714,3.8,8.2,0.9132288585153501,-0.40744699284048086,114.04455946318373,7
2020-05-11,971,0.0,19.269642857142856,2.104761904761905,4.6,8.7,0.9831813377776921,-0.18263202634167877,100.523105579952,7
2020-05-18,1509,29.0,19.565476190476186,1.782142857142857,4.2,8.3,0.9719495284271702,-0.23518952823244807,103.60279507393459,7
2020-05-25,1141,0.2,19.99642857142857,2.281547619047619,4.5,8.8,0.993639639566792,-0.11260669021677057,96.46560176819078,7
2020-06-01,1237,0.0,17.412499999999998,1.780357142857143,3.7,7.9,0.8981236653763383,-0.43974297230424403,116.08748291195154,7
2020-06-08,975,0.0,20.188095238095237,2.0476190476190474,5.4,8.6,0.9971880215664952,0.07494030720712982,85.70220749263963,7
2020-06-15,1093,0.0,19.542261904761904,2.1220238095238093,5.6,10.6,0.9974626105835558,-0.07119227828801201,94.08247060350794,7
2020-06-22,1329,0.0,18.15,3.060714285714286,7.1,12.3,0.989525642349147,-0.14435720672522068,98.30005823371118,7
2020-06-29,1138,0.0,19.075,2.0458333333333334,4.9,9.3,0.9991055827799533,-0.04228515647280632,92.42348358018334,7
2020-07-06,1180,0.0,19.224999999999998,2.0047619047619047,4.5,9.7,0.9936149193581937,0.11282460737272769,83.5218324201333,7
2020-07-13,1339,0.0,19.40297619047619,2.1488095238095237,5.7,11.0,0.9779165604338219,0.20899569571951299,77.93649605087926,7
2020-07-20,1344,0.0,18.851190476190474,2.9351190476190476,5.9,12.0,0.9971356243053641,-0.07563429606436349,94.33766831290069,7
2020-07-27,1024,0.0,19.182738095238097,2.6345238095238095,5.1,12.5,0.9996985069711968,0.02455392350643642,88.59302241177372,7
2020-08-03,1143,0.0,19.12738095238095,3.1154761904761905,6.7,13.0,0.9883794194116058,-0.1520069843249875,98.74325219053304,7
2020-08-10,1018,0.0,17.78154761904762,3.414285714285714,5.7,13.2,0.9935475072159874,-0.11341671351655948,96.51231192721109,7
2020-08-17,1075,0.0,22.10892857142857,2.098809523809524,4.4,8.0,0.9023017724548502,0.43110498886563087,64.4622940316234,7
2020-08-24,1061,0.0,21.650595238095235,2.500595238095238,4.6,9.8,0.9509770226530513,-0.30926154365833797,108.01473332773277,7
2020-08-31,950,0.0,21.19345238095238,2.6898809523809524,4.7,9.5,0.9876521116924322,-0.1566630341512616,99.01325953236619,7
2020-09-07,933,0.0,22.433333333333334,2.9916666666666667,5.3,11.5,0.9994902516833203,-0.03192548809357688,91.82950659985906,7
2020-09-14,851,0.0,23.53333333333333,2.773809523809524,5.4,11.5,0.9986646718201256,0.05166113876407274,87.0387165715321,7
2020-09-21,1884,25.4,24.418452380952377,2.0589285714285714,5.5,12.9,0.899858815906254,0.43618128276645973,64.13951541939508,7
2020-09-28,1810,4.4,22.86785714285714,2.298809523809524,4.4,9.1,0.9553570260025098,-0.29545380834851265,107.18475169450446,7
2020-10-05,1236,0.0,26.92797619047619,2.561904761904762,5.6,11.8,0.9970886100563482,0.07625158159605368,85.62686139847142,7
2020-10-12,2288,0.0,26.208333333333332,2.219642857142857,6.1,14.0,0.04954531639020232,0.9987718766684386,2.8399002015787196,7
2020-10-19,2336,78.2,23.176190476190474,2.3267857142857147,5.9,11.9,0.9964723880107308,-0.08392127222696004,94.81399667979608,7
2020-10-26,2418,48.4,20.917261904761908,2.380952380952381,5.1,11.3,0.7287565836769883,0.6847728395223083,46.782255116387,7
2020-11-02,1704,50.599999999999994,21.16785714285714,1.926785714285714,4.8,12.0,-0.5280265229079237,0.8492278793738273,328.1277883458647,7
2020-11-09,1676,90.6,22.069047619047616,1.924404761904762,4.3,13.7,0.7850487264018033,0.6194340135760278,51.7251850827593,7
2020-11-16,1832,66.0,21.617261904761904,1.6178571428571427,4.8,11.0,-0.3866329607688958,0.9222336762703244,337.2548460600464,7
2020-11-23,1496,60.2,21.625,2.310714285714286,5.3,10.8,-0.24727868994183075,0.9689443995919744,345.6834626895444,7
2020-11-30,1414,1.2,21.469642857142855,3.1654761904761903,5.0,10.1,0.9972721301048671,0.07381259049851063,85.76700036498694,7
2020-12-07,2282,11.200000000000001,23.23154761904762,1.8821428571428573,4.5,12.5,0.07554368585473412,0.9971424930908728,4.332461834883712,7
2020-12-14,2418,33.6,21.511309523809523,1.918452380952381,6.5,11.4,0.3407046840098704,0.9401703666324175,19.91981303412142,7
2020-12-21,1238,12.399999999999999,23.5625,1.9607142857142856,5.0,10.7,0.9971100256731688,0.07597102541135452,85.64298284686227,7
2020-12-28,1931,97.4,20.962500000000002,2.1214285714285714,5.0,9.9,-0.15147215547750237,0.9884615248531423,351.28775023792633,7
2021-01-04,2101,51.400000000000006,22.3,2.1142857142857143,5.1,11.5,0.954682764187022,0.2976253009477299,72.68497111628221,7
2021-01-11,1925,49.199999999999996,22.750595238095237,1.831547619047619,4.9,11.9,0.9134030467448021,-0.40705635260650674,114.02005311758774,7
2021-01-18,1755,28.6,21.38095238095238,1.6821428571428572,7.0,11.7,0.30716346733948985,0.9516567681322832,17.88837073496979,7
2021-01-25,1254,78.0,23.054761904761904,2.4351190476190476,4.7,17.5,0.9933899685695997,-0.11478837199511874,96.59141882436116,7
2021-02-01,2282,80.8,22.473809523809525,1.9315476190476188,4.1,19.6,0.9996992629118859,-0.02452312650197461,91.40521251836,7
2021-02-08,2888,184.8,21.505357142857143,2.3773809523809524,6.6,15.2,-0.5461914528361543,0.8376603708238388,326.8938789928568,7
2021-02-15,2383,92.4,20.51666666666667,1.656547619047619,5.5,11.7,0.4117524511588371,0.9112957362814168,24.31496867918165,7
2021-02-22,2400,169.8,20.922619047619047,2.055357142857143,5.5,9.9,-0.3095971905247454,0.9508678034401966,341.96504299430103,7
2021-03-01,2316,66.60000000000001,20.293452380952377,1.8875,5.0,11.6,0.15176319925340548,0.9884168813574419,8.729120379750409,7
2021-03-08,2148,61.4,22.01904761904762,2.0839285714285714,4.7,10.8,0.5529053004020728,0.8332440991614005,33.5665579340293,7
2021-03-15,1902,93.2,21.15357142857143,1.7291666666666667,6.1,19.5,0.5724578753346832,0.8199341320906823,34.921799333872634,7
2021-03-22,1677,5.6000000000000005,21.217857142857138,2.1095238095238096,5.2,10.3,0.8731224857727271,0.4875008972689734,60.82354526468939,7
2021-03-29,1386,0.0,22.057738095238097,1.9988095238095238,5.0,9.1,0.9999152068623363,-0.013022253470549972,90.74614125295065,7
2021-04-05,1870,52.8,22.25357142857143,1.7571428571428573,4.9,11.4,0.9908970274359192,0.13462199307193112,82.2632378451666,7
2021-04-12,1488,6.8,20.325,2.729166666666667,6.1,12.0,0.9984330552328597,-0.05595921924381413,93.20790279811558,7
2021-04-19,1552,30.8,20.78154761904762,1.7041666666666668,4.0,7.2,0.9965557568975562,0.0829254086172566,85.24326169581066,7
2021-04-26,1525,13.999999999999998,20.39404761904762,1.336904761904762,3.2,9.5,0.2563159154624329,-0.9665930640557354,165.1484266823598,7
2021-05-03,1332,17.4,19.828571428571426,2.473809523809524,4.4,8.5,0.8938298701548941,-0.4484062479703926,116.64147636709615,7
2021-05-10,1423,4.0,19.77440476190476,2.1541666666666663,5.0,9.6,0.9287837310532803,-0.37062215385854613,111.75399223412053,7
2021-05-17,1257,0.0,19.235714285714288,1.7238095238095237,3.6,7.9,0.9007106109000427,-0.4344196075363911,115.7483683557648,7
2021-05-24,1466,0.0,19.97738095238095,1.4261904761904762,3.8,8.5,0.9470254055994108,-0.32115865417153466,108.73300985185082,7
2021-05-31,1476,0.0,21.285714285714285,1.6035714285714284,4.5,8.3,0.9678526576922882,0.2515178582088641,75.43265059586189,7
2021-06-07,1319,0.0,20.270238095238092,2.336309523809524,6.2,12.1,0.9987859249446615,-0.049261304615662214,92.8236076308302,7
2021-06-14,1620,0.0,20.239880952380954,2.019047619047619,4.1,8.0,0.8590793646360197,-0.5118424027535944,120.78662937051571,7
2021-06-21,1973,29.6,18.967857142857145,1.6595238095238096,4.2,10.5,0.9195153458388907,-0.3930541041215383,113.14466866068133,7
2021-06-28,1405,0.0,18.854166666666664,2.038095238095238,4.8,9.5,0.9814625394134648,-0.19165407307978868,101.049329770516,7
2021-07-05,1473,0.0,16.70952380952381,2.1809523809523808,4.9,9.6,0.7975916761271752,-0.603197743839152,127.09926411539249,7
2021-07-12,1349,0.0,17.629166666666666,1.9011904761904763,5.3,8.8,0.92529240952882,-0.37925447508019017,112.28751077613968,7
2021-07-19,1611,0.0,19.62083333333333,1.8773809523809526,4.1,9.1,0.9999384682087448,-0.011093232006467169,90.63560841189154,7
2021-07-26,1402,0.0,18.720238095238095,2.628571428571429,5.3,10.8,0.9685117373606177,-0.2489678987233456,104.4164461626123,7
2021-08-02,1240,0.0,18.747619047619047,2.3238095238095235,4.9,11.6,0.8895300057437245,-0.4568767545865837,117.18575308476923,7
2021-08-09,1302,0.0,18.379968944099378,2.6839285714285714,5.5,10.9,0.9645184747193155,-0.26401536304754164,105.30845372542555,7
2021-08-16,1303,0.0,21.533928571428568,2.2636904761904764,4.5,10.5,0.9714729316684313,-0.23715046497011824,103.71841930195339,7
2021-08-23,1631,0.0,21.506547619047616,2.8428571428571425,6.1,11.2,0.999920751603478,-0.012589301518966098,90.72133289898028,7
2021-08-30,1622,2.6,22.850595238095234,2.567857142857143,4.4,11.2,0.9813460852612481,-0.1922494757923236,101.08409022659275,7
2021-09-06,1502,0.2,22.413095238095234,2.2625,6.2,10.9,0.9333693822849882,-0.35891725538477465,111.03371585589235,7
2021-09-13,1520,0.0,26.3875,2.2904761904761908,5.1,9.3,0.9426861783173462,0.3336806395484108,70.50767172239516,7
2021-09-20,1367,0.0,25.41547619047619,2.3851190476190474,5.6,10.5,0.9300102469389931,0.36753359110219147,68.43641235072128,7
2021-09-27,2437,5.8,24.723214285714285,2.205952380952381,5.8,12.2,0.9962062648388623,0.08702343302698785,85.00760970177477,7
2021-10-04,2034,15.6,24.023214285714285,1.9535714285714287,3.9,13.4,0.541435471934986,0.8407423087549115,32.78141120172892,7
2021-10-11,2122,60.6,24.788095238095234,2.292857142857143,5.0,11.0,0.9996807161807866,-0.025267878744950942,91.44789690929932,7
2021-10-18,2567,45.6,22.559523809523807,2.1601190476190477,5.6,12.6,0.014391690836034513,0.9998964342545081,0.824611612330558,7
2021-10-25,2691,22.0,22.139285714285712,2.0708333333333333,4.7,10.9,-0.3844071107159021,0.9231636762952994,337.3930620944875,7
2021-11-01,2099,20.8,22.629166666666663,2.686309523809524,5.9,11.2,0.9906114061427532,0.13670787109701155,82.14261058842976,7
2021-11-08,2179,79.60000000000001,21.346428571428568,2.042857142857143,5.2,11.4,-0.5963982858383984,0.8026886598482752,323.38762295468496,7
2021-11-15,2213,91.8,20.190476190476186,2.2375,6.4,12.7,0.5941042780554995,0.8043880324794457,36.44880442244475,7
2021-11-22,2429,104.4,20.95892857142857,1.8196428571428573,5.7,10.5,0.4186111084877504,0.9081655905453899,24.74693197614607,7
2021-11-29,4344,64.4,22.813095238095237,2.4678571428571425,5.5,13.1,-0.35990606423599714,0.9329885449061817,338.90557277916105,7
2021-12-06,2795,135.8,21.351785714285715,1.9672619047619047,4.6,12.0,-0.2997114029282956,0.954029913029331,342.55972985503234,7
2021-12-13,2737,72.8,21.48333333333333,2.005952380952381,6.1,12.5,-0.40291877976598656,0.9152357384367639,336.23922723734347,7
2021-12-20,2640,95.0,21.174999999999994,1.956547619047619,6.5,12.4,-0.18933671819665823,0.9819122196726747,349.0859216298266,7
2021-12-27,2549,48.199999999999996,21.27559523809524,2.164285714285714,4.6,8.6,0.6941035821630369,0.7198751400266855,43.955827270248804,7
2022-01-03,1898,82.6,20.19464285714286,2.744642857142857,5.7,10.3,-0.33830041032821195,0.9410381673299778,340.2266403305784,7
2022-01-10,2137,56.2,20.409523809523808,2.9630952380952382,5.3,12.3,-0.5115015165650647,0.8592823741655818,329.23610314173686,7
2022-01-17,2273,24.6,21.489880952380954,2.4583333333333335,5.0,12.1,0.700558919498854,0.7135945629771842,44.471863407872036,7
2022-01-24,1794,7.0,23.320833333333333,1.9797619047619046,4.2,10.6,0.9981548688980985,-0.06071950012162398,93.48111239084227,7
2022-01-31,2010,4.0,21.15952380952381,2.5964285714285715,6.0,10.8,-0.2883711526944628,0.9575187091089483,343.23953558650743,7
2022-02-07,2179,75.0,21.394642857142856,1.8898809523809523,5.2,12.1,0.8489500376600186,0.5284731152642044,58.097652685365134,7
2022-02-14,2161,34.2,20.971428571428568,2.3267857142857147,5.1,12.9,-0.571805189804909,0.8203894349101357,325.12379669971983,7
2022-02-21,2283,125.8,20.291666666666664,1.8053571428571427,4.4,11.5,-0.27665972593586446,0.9609679474597955,343.93905256056274,7
2022-02-28,2035,0.8,22.60892857142857,2.2244047619047618,4.6,8.8,0.9926588249910085,0.12094815900818974,83.0531733246008,7
2022-03-07,2836,57.0,21.419642857142858,2.1845238095238093,8.1,21.0,0.9591869188864325,0.28277279684784473,73.57423617420447,7
2022-03-14,2185,28.0,21.93035714285714,1.769642857142857,4.3,9.7,0.9414507146098523,0.33715063689780905,70.29662975510958,7
2022-03-21,1782,36.6,22.072619047619046,1.832142857142857,4.7,14.0,0.9771054116365812,0.2127557626728525,77.71610394832841,7
2022-03-28,1810,0.0,22.618452380952384,2.1589285714285715,5.3,11.1,0.994638043855573,0.10341741495105887,84.06400528333663,7
2022-04-04,1515,0.0,23.2125,2.2595238095238095,5.1,9.6,0.9881587343856678,-0.15343505354812265,98.82604576063774,7
2022-04-11,1762,1.0,22.938095238095237,1.736904761904762,4.2,8.9,0.9882265066361433,-0.15299794633172187,98.80070212037336,7
2022-04-18,1916,21.0,21.888690476190476,1.8023809523809524,4.0,10.3,0.2876113951964967,-0.9577471928192348,163.2849923512937,7
2022-04-25,1657,1.4,21.979166666666664,2.1184523809523808,4.8,10.6,0.9749316331401375,0.22250463074440557,77.1438152685202,7
2022-05-02,1458,0.0,21.8625,2.5982142857142856,4.7,9.2,0.9956727753783636,-0.09292859823728448,95.33210977498851,7
2022-05-09,1753,14.6,21.938690476190477,2.068452380952381,4.9,10.3,0.9983286338838476,0.05779220334621779,86.68690465531812,7
2022-05-16,1457,0.0,21.03392857142857,1.7601190476190476,4.2,9.2,0.9884854187771988,0.151316148724668,81.2967929980502,7
2022-05-23,2025,0.0,15.660119047619048,2.2279761904761903,4.5,9.5,0.6600779008219906,-0.7511971544451126,138.69418577872204,7
2022-05-30,1634,0.0,19.169642857142858,2.3785714285714286,5.6,10.0,0.9842019042835677,-0.17704974330565715,100.19796262575944,7
2022-06-06,1541,0.0,19.905357142857138,2.094047619047619,4.8,8.7,0.9301447631624505,-0.36719302765911643,111.54260784101473,7
2022-06-13,1586,0.0,19.607142857142858,1.5898809523809523,3.4,8.1,0.6436911638388658,-0.7652853621988117,139.93238578221087,7
2022-06-20,1478,0.0,19.85595238095238,2.1898809523809524,4.5,9.4,0.8952744697535885,-0.4455150096320335,116.45629364023783,7
2022-06-27,1397,0.0,19.39166666666667,2.3863095238095235,4.7,8.8,0.9743659349055497,-0.22496894206897558,103.00105185223043,7
2022-07-04,1496,0.0,18.694642857142856,2.370833333333333,5.2,11.0,0.9786688944701115,-0.20544389744319425,101.855485610981,7
2022-07-11,1406,0.0,18.912499999999998,2.5690476190476192,5.2,10.4,0.999933562173936,0.011526978708368973,89.33953814285852,7
2022-07-18,1708,0.0,19.739285714285717,2.2363095238095236,6.4,10.7,0.9948355233785311,-0.10150015479871984,95.82556260762722,7
2022-07-25,1433,0.0,19.41488095238095,2.5654761904761907,5.5,9.4,0.9606879056019325,-0.277630596350929,106.11884206444591,7
2022-08-01,1733,0.0,20.00238095238095,2.063690476190476,4.6,9.7,0.9733261187234399,0.2294259501685981,76.73672260021458,7
2022-08-08,1663,0.0,22.089880952380952,1.9773809523809525,4.3,8.3,0.9958963758306729,0.09050087627935498,84.80757721809238,7
2022-08-15,1642,0.0,20.372619047619047,2.4720238095238094,5.1,10.1,0.8836641814483346,-0.46812136719577824,117.91241936129624,7
2022-08-22,1613,0.0,21.07857142857143,2.7821428571428575,6.6,13.3,0.9926258738217419,0.12121829325486852,83.03758104995086,7
2022-08-29,1655,0.0,21.11785714285714,2.6767857142857143,5.0,10.5,0.9505151500934182,-0.31067820883172115,108.10010724781863,7
2022-09-05,1707,0.0,21.330357142857142,2.9595238095238092,4.8,10.8,0.9998427697467923,-0.01773233727015906,91.01604133785312,7
2022-09-12,1576,0.0,23.127976190476193,2.6654761904761903,5.4,11.3,0.9942886700489053,0.10672413322383602,83.87348963971799,7
2022-09-19,3317,16.8,23.989285714285717,2.1952380952380954,4.4,9.0,0.9998797869296016,-0.01550521491675134,90.88841897531606,7
2022-09-26,2685,23.6,21.90654761904762,2.110119047619048,5.0,15.7,0.03485849199329092,0.999392258092864,1.9976491728441501,7
2022-10-03,1960,0.0,23.676190476190474,2.1303571428571426,5.0,10.0,0.975436645832352,-0.2202801624462143,102.7254888098361,7
2022-10-10,2194,0.2,23.192857142857143,2.419642857142857,5.6,12.4,0.7359318056279714,0.6770556679218878,47.38601121120214,7
2022-10-17,2148,0.0,25.052380952380954,3.123809523809524,5.4,11.3,0.9985752318435865,-0.05336203096329226,93.05887202629579,7
2022-10-24,2058,2.6,23.82797619047619,2.148214285714286,5.0,11.1,0.9522067578033789,0.30545423616898376,72.21450607803435,7
2022-10-31,2325,32.6,22.84940476190476,2.1214285714285714,4.4,13.5,-0.0050368664478121095,0.9999873149077376,359.7114075902945,7
2022-11-07,3064,56.400000000000006,19.785714285714285,2.479761904761905,4.3,10.3,0.8533690773697802,-0.521307220158181,121.41997815446602,7
2022-11-14,4211,115.0,21.09047619047619,1.9339285714285714,5.5,13.9,0.050496012268523884,0.9987242626195566,2.894439338094665,7
2022-11-21,4346,166.6,20.891071428571426,2.0726190476190474,4.6,14.7,0.5926811358701788,0.8054371925753333,36.347501475571804,7
2022-11-28,2477,72.0,21.026190476190475,1.9928571428571427,4.8,10.4,-0.28813168851558835,0.9575907946890237,343.25386404834774,7
2022-12-05,2551,54.400000000000006,20.529166666666665,2.292857142857143,5.3,11.7,0.26776387732188667,0.963484564485363,15.5312477484386,7
2022-12-12,2943,98.8,21.64761904761905,2.0077380952380954,4.5,13.0,-0.5261132920372918,0.8504144894942014,328.25678019712524,7
2022-12-19,2784,64.2,20.537499999999998,2.3648809523809526,4.9,11.9,-0.7558981711503319,0.6546892047770329,310.8960880155381,7
2022-12-26,2659,103.2,20.269642857142856,2.455357142857143,5.3,11.4,-0.16425996638609755,0.986417083916757,350.54575288066064,7
2023-01-02,2029,37.0,21.357738095238094,2.168452380952381,5.2,9.6,0.5728286510877127,0.8196751408289942,34.94771268503884,7
2023-01-09,1944,22.0,20.473214285714285,2.417261904761905,5.9,14.4,-0.4663137228241748,0.8846194164192073,332.204722886023,7
2023-01-16,2641,87.4,20.9047619047619,1.5839285714285711,7.2,12.6,0.31318156994760343,0.9496932685057604,18.251071681145156,7
2023-01-23,2406,6.2,21.310119047619047,2.183333333333333,5.8,11.3,-0.2439236402843666,0.9697944409566508,345.8817668546193,7
2023-01-30,2389,58.4,20.797023809523807,1.9708333333333332,6.6,13.7,0.18700757211759805,0.9823584722343882,10.778200786493105,7
2023-02-06,2233,14.0,22.162499999999998,1.7648809523809523,5.0,11.7,0.7155318191273969,0.6985801427296928,45.68680063533534,7
2023-02-13,1921,11.6,23.351190476190474,1.8136904761904764,4.0,8.9,0.9955258738504245,0.09448933534716324,84.5780713301995,7
2023-02-20,1848,9.600000000000001,23.229166666666664,2.042857142857143,5.3,9.8,0.8167965817058547,0.5769257700203997,54.76539310310676,7
2023-02-27,2510,20.6,22.065476190476186,1.8226190476190476,4.6,11.1,0.9386580537666548,-0.3448493266616537,110.17259838030635,7
2023-03-06,2346,40.0,22.2625,1.8875,4.5,9.3,0.9990752067617111,-0.04299687470089118,92.46429915519111,7
2023-03-13,1913,24.8,21.329761904761906,1.7249999999999999,5.5,10.8,0.9682605917694033,-0.24994284631964356,104.47413015257418,7
2023-03-20,1985,63.8,20.586309523809522,1.750595238095238,4.5,10.1,0.9877652309231383,0.1559482240340019,81.02820573191104,7
2023-03-27,1675,6.6,21.8,2.0226190476190475,4.5,11.1,0.9830501338621246,-0.1833369420320387,100.56418791722747,7
2023-04-03,1674,2.0,21.86190476190476,1.7803571428571427,4.7,9.2,0.8299037165988726,-0.5579066419889425,123.9111513590369,7
2023-04-10,1902,51.4,21.26845238095238,1.8041666666666667,7.7,16.6,0.9753342523983192,-0.22073308791074353,102.75209441186631,7
2023-04-17,2125,63.6,21.44345238095238,1.7232142857142858,4.0,15.3,0.9159729360701936,-0.40124005331839585,113.6557231145211,7
2023-04-24,1665,16.2,20.505357142857143,2.6750000000000003,5.0,9.9,0.9804149533683529,-0.19694293389642167,101.35824678522485,7
2023-05-01,1915,54.6,20.842857142857145,1.6910714285714283,5.8,16.7,0.9602217886855057,-0.2792384581922919,106.21475878172792,7
2023-05-08,1422,0.0,20.387499999999996,1.844047619047619,4.4,8.6,0.9055904552594153,-0.42415318853339407,115.09707477383928,7
2023-05-15,1459,1.2,20.476190476190474,1.4047619047619049,3.3,6.7,0.6374937632023405,-0.7704555158334051,140.39481141406512,7
2023-05-22,1306,0.0,19.235119047619047,1.836309523809524,4.6,8.5,0.8546501524050275,-0.5192043114170598,121.27889340250687,7
2023-05-29,1417,0.0,19.72440476190476,2.194642857142857,4.4,9.0,0.9857269020520419,-0.16835223363794152,99.69202824213286,7
2023-06-05,1400,0.0,19.848214285714285,1.8916666666666664,4.2,8.4,0.8926718767915819,-0.45070713371922005,116.78906197106552,7
2023-06-12,1395,0.0,19.69702380952381,1.8291666666666668,3.8,8.2,0.9829491021988898,-0.18387784664389747,100.59571544788795,7
2023-06-19,1772,2.1999999999999997,20.13452380952381,1.855952380952381,4.3,8.3,0.9369795600166629,-0.34938417839246927,110.44965334732491,7
2023-06-26,1442,0.0,18.16190476190476,2.0857142857142854,4.0,8.7,0.9468081263073834,-0.3217986512686183,108.77173461889062,7
2023-07-03,1371,0.0,18.454761904761906,2.111904761904762,4.8,10.5,0.955965250368823,-0.29347988020863314,107.06640670091964,7
2023-07-10,1548,0.0,18.2375,1.8398809523809523,4.0,7.9,0.947100036265017,-0.32093850081721803,108.7196909261742,7
2023-07-17,1522,0.0,20.817857142857143,1.6827380952380953,3.3,8.1,0.9885302432903598,-0.15102303830973016,98.6862177692326,7
2023-07-24,1744,0.0,19.919642857142858,3.1166666666666667,6.3,12.4,0.9985277985673099,-0.0542423772370081,93.10938531675583,7
2023-07-31,1398,0.0,20.432738095238097,2.050595238095238,4.7,8.5,0.945015634021739,-0.3270251541617107,109.0883135749359,7
2023-08-07,1276,0.0,21.16428571428571,2.049404761904762,4.5,10.8,0.9546489972850412,-0.29773359229798957,107.32152816000513,7
2023-08-14,1446,0.0,21.876190476190477,2.488095238095238,5.4,11.7,0.9607623583976904,-0.2773728369651722,106.10346979577795,7
2023-08-21,2337,0.0,21.04285714285714,2.6324016563146997,6.1,12.0,0.9511266451695142,-0.30880107650166183,107.98699264817586,7
2023-08-28,2648,12.8,22.904329004329004,1.7761904761904763,5.2,10.3,-0.4543644815836419,0.8908158720382279,332.97594869049584,7
2023-09-04,2411,47.4,22.826785714285712,1.8982142857142856,4.5,9.9,0.7170843811694161,0.696986363053737,45.81428322448159,7
2023-09-11,1692,0.0,23.32202380952381,2.9017857142857144,5.9,11.1,0.9966703728935828,-0.08153629741511778,94.67687762498001,7
2023-09-18,1536,0.0,23.764880952380953,2.2535714285714286,4.0,9.5,0.9846104561069737,-0.1747634107152219,100.06489037190245,7
2023-09-25,1680,0.0,26.24047619047619,2.0732142857142857,4.8,9.4,0.9522253175704665,0.30539637289565863,72.21798776834211,7
2023-10-02,2994,23.800000000000004,24.530357142857145,1.7089285714285716,4.6,11.0,0.9585587190974509,0.2848950368859628,73.4474254593184,7
2023-10-09,3082,38.8,23.469642857142855,1.5488095238095239,5.0,20.0,-0.6288930545541395,0.777491817277561,321.03149875469853,7
2023-10-16,2536,0.4,25.426966873706004,2.397722567287785,5.0,12.5,0.982882078845547,-0.1842357703711635,100.61657941518186,7
2023-10-23,3109,14.799999999999999,25.25703933747412,2.1761128364389237,4.9,10.7,0.9907394831851899,0.13577656814761105,82.19647255180688,7
2023-10-30,2486,32.0,24.1184265010352,1.9361542443064184,4.7,12.4,-0.13546830518685948,0.9907816804371183,352.2142994282622,7
2023-11-06,3928,35.8,23.239285714285717,1.9964285714285714,5.5,12.8,0.7562309212189758,-0.6543048171856136,130.8669585102303,7
2023-11-13,1911,0.0,25.695833333333333,2.270833333333333,5.1,10.4,0.9741479612426037,0.22591093290692815,76.9435499335134,7
2023-11-20,2570,13.600000000000001,25.39702380952381,2.166666666666667,5.6,15.3,-0.40007927331386345,0.9164805371990454,336.4168656712541,7
2023-11-27,3361,78.6,23.054166666666667,1.9095238095238096,6.4,13.5,0.942572080577127,-0.3340028037554564,109.51191036839494,7
2023-12-04,2675,20.200000000000003,22.67083333333333,1.7803571428571427,5.8,14.3,0.44621611926026805,-0.8949252342583186,153.49882799168958,7
2023-12-11,2191,3.2,24.23690476190476,2.0880952380952382,4.8,14.8,0.9993334226564359,0.036506305780966364,87.90787787874059,7
2023-12-18,1775,4.6,24.766071428571426,2.1625,4.5,10.9,0.9618662237903314,-0.27352032379939867,105.8738545164245,7
2023-12-25,2542,63.0,22.05595238095238,2.031547619047619,5.0,11.3,-0.4718673842324365,0.8816695365598373,331.8444190859085,7
2024-01-01,3194,70.4,22.833928571428572,1.8178571428571428,4.8,11.8,-0.9111612191078251,0.4120500367600299,294.3336801212163,7
2024-01-08,2761,136.0,21.13214285714286,2.081547619047619,4.7,11.1,-0.4474004449339459,0.8943337418843748,333.42297887910655,7
2024-01-15,2343,59.2,21.814285714285713,1.706547619047619,4.5,10.5,0.9501499599483584,0.311793286666235,71.83266444764877,7
2024-01-22,2353,10.200000000000001,23.686309523809523,1.6619047619047618,5.4,12.7,-0.22255505964763325,0.974920122587096,347.1408515936549,7
2024-01-29,2060,61.400000000000006,21.934523809523807,2.0761904761904764,5.0,10.5,-0.7461459299540419,0.6657824353443232,311.7423797276297,7
2024-02-05,1996,20.8,22.073214285714283,2.026190476190476,5.2,9.2,0.9057231477318639,0.42386976733742643,64.9208556808254,7
2024-02-12,2662,55.0,21.46904761904762,1.9136904761904763,5.0,17.0,0.4850522067768766,0.8744851952439687,29.015892911006745,7
2024-02-19,2269,26.4,22.420238095238094,2.064285714285714,4.5,11.5,0.03118522727754874,0.9995136225182965,1.7870716460243787,7
2024-02-26,2002,20.6,21.991071428571427,2.3392857142857144,5.5,9.6,0.2703222524602474,0.962769899729327,15.683443644017911,7
2024-03-04,2084,4.4,23.002976190476186,1.594642857142857,4.7,9.8,0.8708373484676345,0.4915712690077196,60.55609105660018,7
2024-03-11,1915,31.6,23.213612836438923,1.7542701863354038,4.5,11.1,0.5231180615262572,0.8522602265182924,31.54163826963777,7
2024-03-18,2154,20.8,23.74360766045549,1.5723343685300206,3.8,8.2,0.33828509933292905,0.9410436714463949,19.772427451287676,7
2024-03-25,1954,55.599999999999994,22.48333333333333,1.7113095238095237,3.6,9.6,0.08970224934468693,0.9959686272481195,5.146477951068918,7
2024-04-01,1971,5.0,22.28095238095238,1.7779761904761904,4.3,11.6,0.9433600533542923,-0.331770718622646,109.37628619018801,7
2024-04-08,1935,88.60000000000001,22.14345238095238,1.7392857142857143,4.9,9.6,0.9420831431569878,0.33537941406629385,70.4043884370049,7
2024-04-15,1707,24.6,22.163690476190474,1.9327380952380953,4.4,8.9,0.9990651437756732,-0.043230064682964225,92.47767239169401,7
2024-04-22,1372,16.6,22.82202380952381,2.519047619047619,4.4,8.6,0.987449825462378,-0.15793303072606227,99.08694224446823,7
2024-04-29,1612,0.6000000000000001,23.03452380952381,2.0339285714285715,4.3,8.2,0.9993711794683049,-0.035457659935890166,92.03200020474421,7
2024-05-06,1352,0.0,22.830357142857142,2.457142857142857,4.9,8.6,0.9980931362482826,-0.06172593761189235,93.53888538848754,7
2024-05-13,1302,0.0,21.192261904761903,2.007142857142857,5.4,9.4,0.9999999778438166,-0.00021050502745970743,90.0120610497288,7
2024-05-20,1304,0.0,21.46607142857143,1.9916666666666667,4.1,8.7,0.8790597734897418,-0.4767115633505901,118.47084836242271,7
2024-05-27,1279,0.0,21.002976190476186,2.043452380952381,4.4,9.4,0.9550657127191535,-0.2963941368992568,107.24115476369994,7
2024-06-03,1452,0.0,19.529761904761905,2.237603519668737,4.8,10.0,0.8870951597900212,-0.46158658719368867,117.48953455052711,7
2024-06-10,1250,0.0,19.78222049689441,2.3391821946169773,5.0,9.3,0.9804954490030817,-0.19654178813739612,101.33480465486201,7
2024-06-17,1312,0.0,19.66845238095238,2.405952380952381,4.5,9.4,0.9973512653642559,-0.07273550354756333,94.17112075542133,7
2024-06-24,1253,0.0,19.619151138716354,1.9330486542443064,3.9,8.6,0.999729349830069,-0.02326428783237456,91.33306577316874,7
2024-07-01,1423,0.0,19.651505740636175,1.494045266327875,3.9,9.4,0.9803512306638493,0.19725989084422638,78.62322954235948,7
2024-07-08,1216,0.0,19.766071428571426,1.980952380952381,4.2,10.1,0.9975216486841342,-0.07036021892011629,94.03467725666926,7
2024-07-15,1294,0.0,19.935224920007528,2.153312629399586,5.2,10.2,0.9663381028421248,0.25727547686377517,75.09154021386495,7
2024-07-22,1315,0.0,19.08542960662526,2.4763716356107657,4.9,9.7,0.9825386080223523,-0.18605881797296944,100.72287004718427,7
2024-07-29,1402,0.0,19.701785714285712,2.105357142857143,4.6,15.3,0.9980811848102966,-0.06191888667986957,93.54996174299728,7
2024-08-05,1469,0.0,20.411309523809525,3.0077380952380954,5.5,10.6,0.999778232911158,-0.02105908348058609,91.20668580623625,7
2024-08-12,1572,0.0,19.859290890269147,2.032427536231884,4.5,10.4,0.8934753530841706,-0.4491122281024162,116.6867396823435,7
2024-08-19,1741,0.0,21.915734989648033,2.3466614906832297,4.1,9.0,0.9748998929234354,-0.22264365874166295,102.86435540402975,7
2024-08-26,1617,0.0,22.694798136645964,2.2257246376811595,5.0,9.8,0.9531531215033577,-0.30248822616492904,107.60711321834631,7
2024-09-02,1486,0.0,22.346273291925463,2.6226966873706004,5.2,9.8,0.9681194680443144,-0.2504889131151192,104.50644542221872,7
2024-09-09,1739,0.0,24.142883022774328,2.638768115942029,5.6,12.0,0.9945511310006029,0.10424992961830636,84.01604647214465,7
2024-09-16,1539,0.0,24.359523809523807,2.604166666666667,4.2,9.4,0.9942487237277321,0.1070956365393837,83.85208137063037,7
2024-09-23,1546,0.0,25.744047619047617,2.6982142857142857,5.9,12.9,0.9999350475922885,0.011397394290265895,89.34696327089074,7
2024-09-30,1763,0.0,26.082738095238092,2.688690476190476,5.3,11.5,0.9960930312393865,0.08831009634424941,84.93360438778467,7
2024-10-07,1993,0.0,26.76845238095238,2.066666666666667,7.5,15.4,0.879477326236054,0.47594078690177566,61.579377742723466,7
2024-10-14,4921,67.2,24.22202380952381,2.2875,5.2,18.9,0.9779496852167012,-0.20884064064390134,102.05441948189221,7
2024-10-21,3113,108.8,20.758928571428573,2.020833333333333,5.1,11.0,0.09556593719239233,0.9954231018258215,5.483893829821023,7
2024-10-28,3007,84.0,22.505434782608692,1.9783902691511386,5.4,12.1,0.9619756849657588,-0.27313509758846266,105.85090893482655,7
2024-11-04,1997,9.2,21.56845238095238,2.15,6.0,10.7,0.9104459554146553,0.41362804821372484,65.5670521826874,7
2024-11-11,2650,72.6,20.754166666666666,1.9648809523809523,4.9,11.4,0.06429508684717233,0.9979309303791093,3.6863799295523414,7
2024-11-18,2338,89.0,20.81845238095238,1.9589285714285716,4.7,12.0,0.7982904807532283,0.6022726196157183,52.96716398189792,7
2024-11-25,3045,76.0,22.023214285714285,2.000595238095238,5.5,11.4,-0.9988237277576023,0.04848877053924112,272.7792917257259,7
2024-12-02,2159,4.4,22.71904761904762,1.930952380952381,4.3,10.5,-0.1268251785357219,0.9919250849178997,352.71383022194533,7
2024-12-09,2342,56.6,23.18035714285714,1.683307453416149,4.9,15.3,0.17452831623695086,0.984652155246458,10.051210204259881,7
2024-12-16,2879,31.2,22.39107142857143,1.7791666666666666,4.7,13.8,-0.3482618170723366,0.9373973046523412,339.61896311957537,7
2024-12-23,2757,45.400000000000006,21.75595238095238,1.6351190476190476,4.7,11.6,-0.21717592133500968,0.9761324803489995,347.45678478926345,7
2024-12-30,2896,81.2,21.22148033126294,2.086723602484472,5.4,12.6,-0.21769329575928986,0.9760172278097647,347.4264148129022,7
2025-01-06,2393,8.6,22.01309523809524,1.9119047619047618,4.7,12.1,-0.40282023212911644,0.9152791162194431,336.24539639096037,7
2025-01-13,2374,77.60000000000001,21.353571428571428,2.2565476190476192,4.9,11.0,-0.687982259669504,0.725727504219072,316.52940129391413,7
2025-01-20,2423,77.0,20.904166666666665,2.370833333333333,6.1,11.9,-0.33402658329634133,0.9425636538989673,340.4866441470105,7
2025-01-27,3643,25.400000000000002,22.897800207039335,1.8560559006211181,5.6,12.8,0.9982593353545804,0.058977108927375274,86.61889855491333,7
2025-02-03,2569,43.8,21.492261904761904,2.2375,5.8,13.0,-0.5149912377006496,0.8571954415951785,329.0031306961545,7
2025-02-10,1825,3.4,22.735714285714284,2.4250000000000003,4.7,9.8,0.9999999863199848,-0.00016540867664083144,90.00947721910958,7
2025-02-17,2266,59.0,22.336361283643893,1.883592132505176,5.5,11.0,0.9871158259969444,0.1600073312894449,80.79267824430475,7
2025-02-24,1796,0.0,23.9672619047619,2.0898809523809523,4.4,9.5,0.9998625608764882,-0.01657888287885724,90.94994353820141,7
2025-03-03,1894,1.6,22.641563146997928,2.802432712215321,5.5,10.7,0.9914996066290842,-0.13010968470629344,97.47593061963363,7
2025-03-10,1782,0.0,23.17481884057971,2.7409679089026917,5.2,11.1,0.9788813970022915,-0.2044289866991527,101.79607452227577,7
2025-03-17,3030,72.6,23.6,1.688095238095238,4.3,9.4,0.6773465818253165,-0.7356640592618073,137.363358064304,7
2025-03-24,2481,40.8,22.255331262939958,1.729011387163561,4.1,9.1,0.9235936992314403,0.3833727673426792,67.45724324187749,7
2025-03-31,2018,7.4,22.482738095238094,1.6065476190476191,4.3,10.1,0.9470539843411712,0.3210743694901736,71.2720893605075,7
2025-04-07,1679,1.2000000000000002,22.932738095238097,2.555357142857143,5.8,10.5,0.9205021962136529,-0.3907373884923754,113.00038964734821,7
2025-04-14,2141,56.8,21.863690476190474,1.7672619047619047,4.1,9.0,0.9978289282188185,-0.06585916800023987,93.77618555436614,7
2025-04-21,1971,13.0,21.741537267080748,1.616899585921325,4.5,10.0,0.7762405202767159,0.6304368760475021,50.917638182136045,7
2025-04-28,2158,6.999999999999999,21.91785714285714,1.519047619047619,3.8,10.2,0.8154890587719403,0.5787724898638971,54.635747647426264,7
2025-05-05,1773,0.6000000000000001,20.948162525879916,2.2290372670807455,4.5,8.5,0.845775303056612,-0.5335392551064039,122.24490142623522,7
2025-05-12,1453,0.0,21.589544513457557,2.1627846790890266,4.4,8.8,0.9846808667149792,-0.17436625454897328,100.04178015802862,7
2025-05-19,1766,0.0,18.834265010351967,3.261154244306418,5.7,10.9,0.9869278190520409,-0.16116289889792326,99.27440146744452,7
2025-05-26,1643,1.2,19.764466873706002,2.126785714285714,4.3,8.5,0.9582351248387243,-0.2859815475259105,106.61752932712842,7
2025-06-02,1172,0.0,19.484166666666667,1.7516666666666665,3.9,8.6,0.9727524372172703,-0.23184627641577613,103.40579416210767,5
