data,interrupcoes,precipitacao_total_mm
2017-01-01,116,0.0
2017-01-02,186,0.0
2017-01-03,231,10.4
2017-01-04,350,9.4
2017-01-05,305,1.2
2017-01-06,201,0.0
2017-01-07,154,0.0
2017-01-08,146,0.0
2017-01-09,214,0.0
2017-01-10,196,0.0
2017-01-11,309,0.0
2017-01-12,365,14.4
2017-01-13,425,15.8
2017-01-14,299,0.8
2017-01-15,215,3.6
2017-01-16,379,2.4000000000000004
2017-01-17,252,12.2
2017-01-18,282,2.0
2017-01-19,266,2.4000000000000004
2017-01-20,246,0.4
2017-01-21,202,0.0
2017-01-22,162,1.4
2017-01-23,257,36.6
2017-01-24,248,6.4
2017-01-25,235,9.999999999999998
2017-01-26,268,14.4
2017-01-27,219,0.0
2017-01-28,189,0.0
2017-01-29,160,0.0
2017-01-30,190,0.0
2017-01-31,193,0.0
2017-02-01,268,0.0
2017-02-02,307,7.6
2017-02-03,251,4.800000000000001
2017-02-04,301,24.8
2017-02-05,224,2.4
2017-02-06,343,53.4
2017-02-07,305,1.0
2017-02-08,285,36.8
2017-02-09,262,7.8
2017-02-10,235,11.8
2017-02-11,161,9.8
2017-02-12,176,1.4
2017-02-13,225,0.4
2017-02-14,243,2.0
2017-02-15,236,0.0
2017-02-16,177,0.8
2017-02-17,173,0.0
2017-02-18,148,0.0
2017-02-19,104,0.0
2017-02-20,182,1.6
2017-02-21,150,0.2
2017-02-22,114,0.0
2017-02-23,194,0.0
2017-02-24,291,1.6
2017-02-25,252,36.4
2017-02-26,218,34.4
2017-02-27,248,3.0
2017-02-28,198,0.8
2017-03-01,193,0.8
2017-03-02,173,14.0
2017-03-03,160,5.2
2017-03-04,129,0.4
2017-03-05,116,0.0
2017-03-06,169,0.0
2017-03-07,170,0.0
2017-03-08,179,0.0
2017-03-09,130,0.0
2017-03-10,137,0.0
2017-03-11,107,0.0
2017-03-12,114,0.0
2017-03-13,123,0.0
2017-03-14,355,19.6
2017-03-15,289,4.4
2017-03-16,221,0.0
2017-03-17,159,0.0
2017-03-18,227,8.8
2017-03-19,143,1.6
2017-03-20,213,18.8
2017-03-21,201,0.0
2017-03-22,156,0.0
2017-03-23,159,0.0
2017-03-24,116,9.0
2017-03-25,126,0.0
2017-03-26,189,18.0
2017-03-27,214,5.0
2017-03-28,258,7.0
2017-03-29,257,22.6
2017-03-30,257,41.8
2017-03-31,277,0.8
2017-04-01,170,18.0
2017-04-02,129,0.8
2017-04-03,149,0.0
2017-04-04,170,4.0
2017-04-05,169,0.2
2017-04-06,273,0.0
2017-04-07,142,0.0
2017-04-08,130,0.0
2017-04-09,119,0.0
2017-04-10,170,0.0
2017-04-11,131,0.0
2017-04-12,144,0.0
2017-04-13,135,0.0
2017-04-14,63,0.0
2017-04-15,78,0.0
2017-04-16,113,0.0
2017-04-17,134,0.0
2017-04-18,146,0.0
2017-04-19,123,0.0
2017-04-20,136,0.0
2017-04-21,154,0.4
2017-04-22,91,0.0
2017-04-23,69,0.0
2017-04-24,178,0.0
2017-04-25,174,0.0
2017-04-26,176,2.0
2017-04-27,192,0.0
2017-04-28,131,0.0
2017-04-29,125,0.0
2017-04-30,137,0.0
2017-05-01,92,0.0
2017-05-02,141,0.0
2017-05-03,145,0.0
2017-05-04,120,0.0
2017-05-05,112,0.0
2017-05-06,111,1.6
2017-05-07,120,0.4
2017-05-08,182,0.0
2017-05-09,102,0.0
2017-05-10,147,0.0
2017-05-11,146,0.0
2017-05-12,139,0.0
2017-05-13,111,0.0
2017-05-14,104,0.0
2017-05-15,138,0.0
2017-05-16,162,2.2
2017-05-17,222,28.4
2017-05-18,250,7.2
2017-05-19,151,0.2
2017-05-20,215,23.2
2017-05-21,144,0.2
2017-05-22,135,0.8
2017-05-23,122,0.0
2017-05-24,143,0.0
2017-05-25,111,0.0
2017-05-26,133,0.0
2017-05-27,90,0.0
2017-05-28,77,0.0
2017-05-29,101,0.0
2017-05-30,134,0.0
2017-05-31,147,0.0
2017-06-01,107,0.0
2017-06-02,126,0.0
2017-06-03,103,0.0
2017-06-04,77,0.0
2017-06-05,144,0.0
2017-06-06,118,0.0
2017-06-07,120,0.0
2017-06-08,138,0.0
2017-06-09,131,0.0
2017-06-10,84,0.0
2017-06-11,169,0.0
2017-06-12,180,0.0
2017-06-13,143,0.0
2017-06-14,130,0.0
2017-06-15,110,0.0
2017-06-16,118,0.0
2017-06-17,98,0.0
2017-06-18,95,0.0
2017-06-19,102,0.0
2017-06-20,132,0.0
2017-06-21,165,0.0
2017-06-22,155,0.0
2017-06-23,124,0.0
2017-06-24,147,0.0
2017-06-25,83,0.0
2017-06-26,188,0.0
2017-06-27,179,0.0
2017-06-28,125,0.0
2017-06-29,128,0.0
2017-06-30,186,0.0
2017-07-01,110,0.0
2017-07-02,149,0.0
2017-07-03,159,0.0
2017-07-04,202,0.0
2017-07-05,147,0.0
2017-07-06,124,0.0
2017-07-07,139,0.0
2017-07-08,126,0.0
2017-07-09,120,0.0
2017-07-10,139,0.0
2017-07-11,158,0.0
2017-07-12,138,0.0
2017-07-13,155,0.0
2017-07-14,175,0.0
2017-07-15,150,0.0
2017-07-16,111,0.0
2017-07-17,161,0.0
2017-07-18,139,0.0
2017-07-19,134,0.0
2017-07-20,152,0.0
2017-07-21,156,0.0
2017-07-22,120,0.0
2017-07-23,90,0.0
2017-07-24,121,0.0
2017-07-25,138,0.0
2017-07-26,188,0.0
2017-07-27,149,0.0
2017-07-28,298,0.0
2017-07-29,189,0.0
2017-07-30,126,0.0
2017-07-31,130,0.0
2017-08-01,134,0.0
2017-08-02,147,0.0
2017-08-03,185,0.0
2017-08-04,159,0.0
2017-08-05,156,0.0
2017-08-06,123,0.0
2017-08-07,162,0.0
2017-08-08,144,0.0
2017-08-09,145,0.0
2017-08-10,128,0.0
2017-08-11,134,0.0
2017-08-12,94,0.0
2017-08-13,76,0.0
2017-08-14,160,0.0
2017-08-15,142,0.0
2017-08-16,184,0.0
2017-08-17,127,0.0
2017-08-18,172,0.0
2017-08-19,181,0.0
2017-08-20,117,0.0
2017-08-21,165,0.0
2017-08-22,212,0.0
2017-08-23,146,0.0
2017-08-24,109,0.0
2017-08-25,84,0.0
2017-08-26,115,0.0
2017-08-27,95,0.0
2017-08-28,188,0.0
2017-08-29,154,0.0
2017-08-30,160,0.0
2017-08-31,124,0.0
2017-09-01,174,0.0
2017-09-02,103,0.0
2017-09-03,101,0.0
2017-09-04,136,0.0
2017-09-05,172,0.0
2017-09-06,136,0.0
2017-09-07,80,0.0
2017-09-08,136,0.0
2017-09-09,132,0.0
2017-09-10,88,0.0
2017-09-11,153,0.0
2017-09-12,132,0.0
2017-09-13,122,0.0
2017-09-14,137,0.0
2017-09-15,115,0.0
2017-09-16,116,0.0
2017-09-17,79,0.0
2017-09-18,128,0.0
2017-09-19,137,0.0
2017-09-20,122,0.0
2017-09-21,126,0.0
2017-09-22,140,0.0
2017-09-23,86,0.0
2017-09-24,107,0.0
2017-09-25,117,0.0
2017-09-26,100,0.0
2017-09-27,647,7.4
2017-09-28,686,2.6
2017-09-29,257,0.0
2017-09-30,318,0.0
2017-10-01,260,0.0
2017-10-02,385,3.0
2017-10-03,436,8.6
2017-10-04,197,0.0
2017-10-05,227,0.0
2017-10-06,156,0.0
2017-10-07,138,0.0
2017-10-08,132,0.0
2017-10-09,268,0.0
2017-10-10,169,0.0
2017-10-11,130,0.0
2017-10-12,103,0.0
2017-10-13,212,0.0
2017-10-14,170,0.0
2017-10-15,135,0.0
2017-10-16,187,0.0
2017-10-17,168,0.0
2017-10-18,124,0.0
2017-10-19,157,0.0
2017-10-20,151,0.0
2017-10-21,196,0.0
2017-10-22,284,0.0
2017-10-23,158,0.0
2017-10-24,162,0.0
2017-10-25,131,0.0
2017-10-26,169,3.0
2017-10-27,209,4.8
2017-10-28,172,4.6
2017-10-29,327,3.2
2017-10-30,306,6.0
2017-10-31,352,2.8
2017-11-01,215,6.8
2017-11-02,276,11.6
2017-11-03,245,0.8
2017-11-04,317,4.8
2017-11-05,207,2.0
2017-11-06,125,0.0
2017-11-07,241,10.2
2017-11-08,516,32.6
2017-11-09,250,12.4
2017-11-10,165,48.8
2017-11-11,250,13.2
2017-11-12,183,21.8
2017-11-13,254,2.8000000000000003
2017-11-14,191,0.0
2017-11-15,170,0.4
2017-11-16,160,0.0
2017-11-17,385,22.0
2017-11-18,208,0.2
2017-11-19,200,0.0
2017-11-20,170,0.0
2017-11-21,272,5.8
2017-11-22,212,0.0
2017-11-23,194,0.0
2017-11-24,146,0.0
2017-11-25,159,0.0
2017-11-26,500,64.0
2017-11-27,324,0.8
2017-11-28,271,4.2
2017-11-29,314,7.4
2017-11-30,350,61.2
2017-12-01,272,0.4
2017-12-02,160,5.800000000000001
2017-12-03,140,2.8
2017-12-04,159,0.0
2017-12-05,211,4.0
2017-12-06,188,5.2
2017-12-07,276,18.2
2017-12-08,196,0.4
2017-12-09,153,0.0
2017-12-10,141,23.6
2017-12-11,218,3.6
2017-12-12,219,25.2
2017-12-13,223,10.6
2017-12-14,244,33.0
2017-12-15,270,55.2
2017-12-16,174,2.8000000000000003
2017-12-17,159,0.8
2017-12-18,284,0.6000000000000001
2017-12-19,217,0.0
2017-12-20,213,0.0
2017-12-21,218,0.0
2017-12-22,271,17.6
2017-12-23,237,5.8
2017-12-24,361,4.4
2017-12-25,323,25.8
2017-12-26,309,0.2
2017-12-27,284,0.0
2017-12-28,270,0.0
2017-12-29,266,0.4
2017-12-30,309,11.6
2017-12-31,222,0.2
2018-01-01,252,16.2
2018-01-02,355,0.6000000000000001
2018-01-03,370,0.0
2018-01-04,270,0.0
2018-01-05,278,11.4
2018-01-06,176,30.4
2018-01-07,166,1.4
2018-01-08,326,23.0
2018-01-09,284,0.2
2018-01-10,302,0.0
2018-01-11,275,0.0
2018-01-12,194,0.0
2018-01-13,228,7.2
2018-01-14,195,1.2
2018-01-15,269,0.0
2018-01-16,213,0.2
2018-01-17,212,0.0
2018-01-18,228,0.0
2018-01-19,208,0.0
2018-01-20,175,0.0
2018-01-21,110,0.0
2018-01-22,213,0.0
2018-01-23,180,0.0
2018-01-24,204,0.0
2018-01-25,305,11.2
2018-01-26,305,13.2
2018-01-27,164,32.400000000000006
2018-01-28,238,0.2
2018-01-29,225,0.7999999999999999
2018-01-30,251,0.2
2018-01-31,253,9.0
2018-02-01,253,16.400000000000002
2018-02-02,206,24.6
2018-02-03,251,37.400000000000006
2018-02-04,249,16.2
2018-02-05,231,0.2
2018-02-06,226,0.0
2018-02-07,197,75.8
2018-02-08,171,0.2
2018-02-09,188,0.2
2018-02-10,227,3.6
2018-02-11,115,0.0
2018-02-12,168,0.0
2018-02-13,96,0.0
2018-02-14,162,0.0
2018-02-15,155,0.0
2018-02-16,162,0.0
2018-02-17,131,0.0
2018-02-18,186,0.4
2018-02-19,355,19.0
2018-02-20,202,1.2
2018-02-21,235,21.4
2018-02-22,374,1.8
2018-02-23,265,0.2
2018-02-24,264,20.6
2018-02-25,246,2.2
2018-02-26,298,6.199999999999999
2018-02-27,226,8.4
2018-02-28,190,1.7999999999999998
2018-03-01,176,0.0
2018-03-02,171,0.2
2018-03-03,169,0.0
2018-03-04,280,40.4
2018-03-05,334,19.4
2018-03-06,204,2.4000000000000004
2018-03-07,190,23.6
2018-03-08,260,10.0
2018-03-09,308,33.6
2018-03-10,216,6.8
2018-03-11,207,2.0
2018-03-12,272,2.8000000000000003
2018-03-13,198,27.4
2018-03-14,250,2.6
2018-03-15,221,0.0
2018-03-16,188,0.0
2018-03-17,190,0.0
2018-03-18,233,0.0
2018-03-19,225,0.0
2018-03-20,178,6.8
2018-03-21,267,15.2
2018-03-22,228,0.4
2018-03-23,196,0.0
2018-03-24,248,24.4
2018-03-25,155,6.800000000000001
2018-03-26,163,0.0
2018-03-27,176,0.0
2018-03-28,154,0.0
2018-03-29,169,0.0
2018-03-30,115,0.0
2018-03-31,122,3.2
2018-04-01,94,0.6000000000000001
2018-04-02,176,15.0
2018-04-03,221,46.6
2018-04-04,292,9.4
2018-04-05,264,0.6
2018-04-06,226,16.0
2018-04-07,201,19.6
2018-04-08,196,2.2
2018-04-09,235,6.6
2018-04-10,204,0.2
2018-04-11,181,0.0
2018-04-12,160,0.0
2018-04-13,141,0.0
2018-04-14,199,6.6000000000000005
2018-04-15,136,0.0
2018-04-16,270,51.400000000000006
2018-04-17,211,0.0
2018-04-18,161,0.0
2018-04-19,169,0.0
2018-04-20,128,0.0
2018-04-21,134,0.0
2018-04-22,95,0.0
2018-04-23,135,19.8
2018-04-24,136,0.2
2018-04-25,163,0.0
2018-04-26,135,0.0
2018-04-27,163,18.8
2018-04-28,131,0.0
2018-04-29,89,0.0
2018-04-30,130,0.0
2018-05-01,108,0.0
2018-05-02,129,0.0
2018-05-03,117,0.0
2018-05-04,122,0.0
2018-05-05,107,0.0
2018-05-06,85,0.0
2018-05-07,120,0.0
2018-05-08,117,0.0
2018-05-09,129,0.0
2018-05-10,166,0.0
2018-05-11,118,0.0
2018-05-12,95,0.0
2018-05-13,86,0.0
2018-05-14,115,0.0
2018-05-15,154,0.0
2018-05-16,167,0.0
2018-05-17,145,0.0
2018-05-18,179,0.0
2018-05-19,329,6.6
2018-05-20,220,3.0
2018-05-21,180,0.0
2018-05-22,134,0.0
2018-05-23,154,0.0
2018-05-24,113,0.0
2018-05-25,121,0.0
2018-05-26,83,0.0
2018-05-27,104,0.0
2018-05-28,146,0.0
2018-05-29,130,0.0
2018-05-30,101,0.0
2018-05-31,109,0.0
2018-06-01,106,0.0
2018-06-02,142,0.0
2018-06-03,88,0.0
2018-06-04,129,0.0
2018-06-05,128,0.0
2018-06-06,142,0.0
2018-06-07,135,0.0
2018-06-08,109,0.0
2018-06-09,188,0.0
2018-06-10,96,0.0
2018-06-11,154,0.0
2018-06-12,146,0.0
2018-06-13,131,0.0
2018-06-14,108,0.0
2018-06-15,113,0.0
2018-06-16,90,0.0
2018-06-17,90,0.0
2018-06-18,124,0.0
2018-06-19,130,0.0
2018-06-20,106,0.0
2018-06-21,119,0.0
2018-06-22,84,0.0
2018-06-23,109,0.0
2018-06-24,69,0.0
2018-06-25,130,0.0
2018-06-26,128,0.0
2018-06-27,123,0.0
2018-06-28,127,0.0
2018-06-29,115,0.0
2018-06-30,111,0.0
2018-07-01,146,0.0
2018-07-02,109,0.0
2018-07-03,141,0.0
2018-07-04,120,0.0
2018-07-05,139,0.0
2018-07-06,130,0.0
2018-07-07,127,0.0
2018-07-08,96,0.0
2018-07-09,135,0.0
2018-07-10,119,0.0
2018-07-11,137,0.0
2018-07-12,148,0.0
2018-07-13,153,0.0
2018-07-14,107,0.0
2018-07-15,84,0.0
2018-07-16,163,0.0
2018-07-17,133,0.0
2018-07-18,150,0.0
2018-07-19,98,0.0
2018-07-20,143,0.0
2018-07-21,130,0.0
2018-07-22,115,0.0
2018-07-23,166,0.0
2018-07-24,144,0.0
2018-07-25,147,0.0
2018-07-26,155,0.0
2018-07-27,118,0.0
2018-07-28,131,0.0
2018-07-29,99,0.0
2018-07-30,127,0.0
2018-07-31,176,0.0
2018-08-01,123,0.0
2018-08-02,146,0.0
2018-08-03,167,0.0
2018-08-04,181,0.0
2018-08-05,136,0.0
2018-08-06,139,0.0
2018-08-07,101,0.0
2018-08-08,129,0.0
2018-08-09,279,2.2
2018-08-10,246,0.0
2018-08-11,142,0.0
2018-08-12,124,0.0
2018-08-13,138,0.0
2018-08-14,145,0.0
2018-08-15,126,0.0
2018-08-16,303,12.0
2018-08-17,170,0.0
2018-08-18,226,0.8
2018-08-19,193,3.4
2018-08-20,225,0.0
2018-08-21,156,0.0
2018-08-22,157,0.0
2018-08-23,109,0.0
2018-08-24,124,0.0
2018-08-25,138,1.0
2018-08-26,67,3.6
2018-08-27,122,0.0
2018-08-28,257,0.0
2018-08-29,165,0.0
2018-08-30,114,0.0
2018-08-31,134,0.0
2018-09-01,120,0.0
2018-09-02,95,0.0
2018-09-03,144,0.0
2018-09-04,179,0.0
2018-09-05,139,0.0
2018-09-06,116,0.0
2018-09-07,90,0.0
2018-09-08,81,0.0
2018-09-09,63,0.0
2018-09-10,110,0.0
2018-09-11,115,0.0
2018-09-12,144,0.0
2018-09-13,113,0.0
2018-09-14,154,0.0
2018-09-15,150,0.8
2018-09-16,132,0.2
2018-09-17,500,11.2
2018-09-18,305,10.2
2018-09-19,283,7.8
2018-09-20,205,2.2
2018-09-21,214,7.2
2018-09-22,180,0.0
2018-09-23,137,0.0
2018-09-24,189,0.0
2018-09-25,171,0.0
2018-09-26,114,0.0
2018-09-27,119,0.0
2018-09-28,122,0.0
2018-09-29,112,0.0
2018-09-30,132,0.0
2018-10-01,214,0.0
2018-10-02,156,3.8
2018-10-03,183,0.0
2018-10-04,188,0.0
2018-10-05,161,7.6
2018-10-06,165,1.6
2018-10-07,146,0.4
2018-10-08,147,0.0
2018-10-09,205,0.0
2018-10-10,145,0.0
2018-10-11,156,0.0
2018-10-12,126,0.0
2018-10-13,98,0.0
2018-10-14,230,4.8
2018-10-15,222,5.8
2018-10-16,188,0.0
2018-10-17,296,0.0
2018-10-18,168,0.0
2018-10-19,369,46.6
2018-10-20,204,51.2
2018-10-21,224,20.2
2018-10-22,250,5.2
2018-10-23,306,17.2
2018-10-24,208,10.0
2018-10-25,279,18.0
2018-10-26,291,6.8
2018-10-27,268,14.6
2018-10-28,174,0.0
2018-10-29,404,49.6
2018-10-30,205,0.2
2018-10-31,282,9.8
2018-11-01,365,10.4
2018-11-02,297,1.0
2018-11-03,258,37.2
2018-11-04,190,0.0
2018-11-05,152,0.0
2018-11-06,261,11.6
2018-11-07,242,14.6
2018-11-08,165,27.4
2018-11-09,235,12.0
2018-11-10,196,13.8
2018-11-11,136,4.8
2018-11-12,240,17.8
2018-11-13,254,19.2
2018-11-14,187,0.0
2018-11-15,233,21.0
2018-11-16,344,49.8
2018-11-17,188,0.4
2018-11-18,129,2.2
2018-11-19,234,1.4
2018-11-20,205,3.4
2018-11-21,164,0.8
2018-11-22,214,4.2
2018-11-23,169,0.8
2018-11-24,170,19.6
2018-11-25,147,25.0
2018-11-26,232,0.4
2018-11-27,175,0.0
2018-11-28,196,0.0
2018-11-29,174,0.0
2018-11-30,155,0.0
2018-12-01,161,0.0
2018-12-02,167,2.4
2018-12-03,139,9.2
2018-12-04,154,4.6000000000000005
2018-12-05,243,0.0
2018-12-06,282,2.0
2018-12-07,260,1.6
2018-12-08,246,61.2
2018-12-09,208,10.4
2018-12-10,168,0.0
2018-12-11,201,0.0
2018-12-12,180,0.0
2018-12-13,158,0.0
2018-12-14,144,0.0
2018-12-15,153,0.4
2018-12-16,144,0.0
2018-12-17,153,0.0
2018-12-18,165,0.0
2018-12-19,137,0.0
2018-12-20,183,0.0
2018-12-21,162,0.0
2018-12-22,455,11.2
2018-12-23,413,23.2
2018-12-24,396,8.0
2018-12-25,234,0.0
2018-12-26,260,1.0
2018-12-27,402,24.8
2018-12-28,271,1.4
2018-12-29,245,5.0
2018-12-30,136,0.0
2018-12-31,262,33.0
2019-01-01,177,1.4
2019-01-02,239,0.0
2019-01-03,197,0.0
2019-01-04,203,0.0
2019-01-05,335,1.0
2019-01-06,159,0.0
2019-01-07,233,9.6
2019-01-08,227,0.0
2019-01-09,230,0.0
2019-01-10,248,2.6
2019-01-11,225,6.0
2019-01-12,227,0.6000000000000001
2019-01-13,198,0.0
2019-01-14,204,0.0
2019-01-15,169,0.0
2019-01-16,158,0.0
2019-01-17,210,0.0
2019-01-18,178,0.0
2019-01-19,206,7.2
2019-01-20,169,0.2
2019-01-21,191,0.0
2019-01-22,183,0.0
2019-01-23,172,0.0
2019-01-24,175,0.0
2019-01-25,205,0.0
2019-01-26,311,15.0
2019-01-27,258,1.0
2019-01-28,254,0.0
2019-01-29,199,0.0
2019-01-30,221,0.0
2019-01-31,173,0.0
2019-02-01,183,0.0
2019-02-02,112,0.0
2019-02-03,108,0.0
2019-02-04,385,8.0
2019-02-05,590,0.8
2019-02-06,357,14.4
2019-02-07,307,4.6000000000000005
2019-02-08,205,10.8
2019-02-09,306,11.8
2019-02-10,175,18.0
2019-02-11,240,19.2
2019-02-12,175,0.2
2019-02-13,174,0.0
2019-02-14,249,2.2
2019-02-15,227,0.2
2019-02-16,226,9.2
2019-02-17,167,2.6
2019-02-18,246,13.0
2019-02-19,228,4.4
2019-02-20,165,0.0
2019-02-21,248,0.0
2019-02-22,283,16.599999999999998
2019-02-23,247,0.4
2019-02-24,177,0.0
2019-02-25,356,12.6
2019-02-26,199,0.0
2019-02-27,198,0.0
2019-02-28,196,26.0
2019-03-01,167,0.2
2019-03-02,163,27.0
2019-03-03,175,9.6
2019-03-04,196,13.6
2019-03-05,179,26.8
2019-03-06,198,2.4
2019-03-07,195,1.6
2019-03-08,182,0.2
2019-03-09,171,0.0
2019-03-10,192,0.0
2019-03-11,199,0.0
2019-03-12,190,0.0
2019-03-13,205,7.0
2019-03-14,180,0.2
2019-03-15,240,0.0
2019-03-16,251,0.0
2019-03-17,208,14.4
2019-03-18,226,0.0
2019-03-19,213,2.2
2019-03-20,212,16.6
2019-03-21,247,14.6
2019-03-22,232,0.2
2019-03-23,249,22.4
2019-03-24,124,0.0
2019-03-25,187,3.8
2019-03-26,155,20.0
2019-03-27,144,30.8
2019-03-28,204,28.0
2019-03-29,145,0.0
2019-03-30,134,0.0
2019-03-31,120,0.0
2019-04-01,133,0.0
2019-04-02,162,0.0
2019-04-03,154,3.0
2019-04-04,220,3.2
2019-04-05,219,7.6
2019-04-06,180,5.2
2019-04-07,169,3.6000000000000005
2019-04-08,232,7.8
2019-04-09,198,1.4
2019-04-10,216,0.0
2019-04-11,247,58.0
2019-04-12,209,50.4
2019-04-13,223,46.400000000000006
2019-04-14,128,0.2
2019-04-15,127,45.6
2019-04-16,169,2.8
2019-04-17,198,7.8
2019-04-18,165,9.0
2019-04-19,132,19.8
2019-04-20,149,2.0
2019-04-21,215,27.2
2019-04-22,273,0.2
2019-04-23,200,16.8
2019-04-24,354,1.4
2019-04-25,158,0.0
2019-04-26,169,0.0
2019-04-27,105,0.0
2019-04-28,94,0.0
2019-04-29,149,0.0
2019-04-30,135,0.8
2019-05-01,121,6.6
2019-05-02,195,38.8
2019-05-03,199,20.8
2019-05-04,139,0.0
2019-05-05,125,0.0
2019-05-06,135,0.0
2019-05-07,127,0.0
2019-05-08,131,0.0
2019-05-09,126,0.0
2019-05-10,149,0.0
2019-05-11,80,0.0
2019-05-12,79,0.0
2019-05-13,145,0.0
2019-05-14,133,0.0
2019-05-15,133,0.0
2019-05-16,183,1.4
2019-05-17,154,0.0
2019-05-18,111,0.0
2019-05-19,94,0.0
2019-05-20,140,0.0
2019-05-21,148,0.0
2019-05-22,126,0.0
2019-05-23,146,0.0
2019-05-24,128,0.0
2019-05-25,169,0.0
2019-05-26,79,0.0
2019-05-27,122,0.0
2019-05-28,139,0.0
2019-05-29,231,0.0
2019-05-30,135,0.0
2019-05-31,148,0.0
2019-06-01,178,0.0
2019-06-02,126,0.0
2019-06-03,245,8.0
2019-06-04,142,0.0
2019-06-05,119,0.0
2019-06-06,133,0.0
2019-06-07,124,0.0
2019-06-08,88,0.0
2019-06-09,112,0.0
2019-06-10,158,0.0
2019-06-11,145,0.0
2019-06-12,115,0.0
2019-06-13,147,0.0
2019-06-14,142,0.0
2019-06-15,123,0.0
2019-06-16,80,0.0
2019-06-17,108,0.0
2019-06-18,176,0.0
2019-06-19,180,0.0
2019-06-20,108,0.0
2019-06-21,173,0.0
2019-06-22,119,0.0
2019-06-23,72,0.0
2019-06-24,171,0.0
2019-06-25,125,0.0
2019-06-26,118,0.0
2019-06-27,112,0.0
2019-06-28,125,0.0
2019-06-29,95,0.0
2019-06-30,93,0.0
2019-07-01,142,0.0
2019-07-02,147,0.0
2019-07-03,159,0.0
2019-07-04,186,0.0
2019-07-05,125,0.0
2019-07-06,109,0.0
2019-07-07,125,0.0
2019-07-08,152,0.0
2019-07-09,128,0.0
2019-07-10,120,0.0
2019-07-11,152,0.0
2019-07-12,128,0.0
2019-07-13,129,0.0
2019-07-14,113,0.0
2019-07-15,189,0.0
2019-07-16,147,0.0
2019-07-17,137,0.0
2019-07-18,140,0.0
2019-07-19,139,0.0
2019-07-20,122,0.0
2019-07-21,116,0.0
2019-07-22,141,0.0
2019-07-23,138,0.0
2019-07-24,184,0.0
2019-07-25,149,0.0
2019-07-26,124,0.0
2019-07-27,120,0.0
2019-07-28,106,0.0
2019-07-29,109,0.0
2019-07-30,151,0.0
2019-07-31,139,0.0
2019-08-01,128,0.0
2019-08-02,165,0.0
2019-08-03,128,0.0
2019-08-04,90,0.0
2019-08-05,378,0.0
2019-08-06,240,0.0
2019-08-07,149,0.0
2019-08-08,126,0.0
2019-08-09,145,0.0
2019-08-10,145,0.0
2019-08-11,96,0.0
2019-08-12,144,0.0
2019-08-13,132,0.0
2019-08-14,139,0.0
2019-08-15,118,0.0
2019-08-16,152,0.0
2019-08-17,140,0.0
2019-08-18,239,0.0
2019-08-19,201,0.0
2019-08-20,95,0.0
2019-08-21,145,0.0
2019-08-22,114,0.0
2019-08-23,160,0.0
2019-08-24,112,0.0
2019-08-25,133,0.0
2019-08-26,191,0.0
2019-08-27,121,0.0
2019-08-28,105,0.0
2019-08-29,172,0.0
2019-08-30,127,0.0
2019-08-31,137,0.0
2019-09-01,134,0.0
2019-09-02,140,0.0
2019-09-03,125,0.0
2019-09-04,147,0.0
2019-09-05,181,0.0
2019-09-06,140,0.0
2019-09-07,78,0.0
2019-09-08,109,0.0
2019-09-09,126,0.0
2019-09-10,175,0.0
2019-09-11,102,0.0
2019-09-12,142,0.0
2019-09-13,168,0.0
2019-09-14,111,0.0
2019-09-15,128,0.0
2019-09-16,135,0.0
2019-09-17,141,0.0
2019-09-18,174,0.0
2019-09-19,157,0.0
2019-09-20,277,0.0
2019-09-21,141,0.0
2019-09-22,109,0.0
2019-09-23,269,0.0
2019-09-24,163,0.0
2019-09-25,311,1.2
2019-09-26,500,5.4
2019-09-27,309,0.0
2019-09-28,378,0.4
2019-09-29,376,3.2
2019-09-30,238,0.0
2019-10-01,233,0.0
2019-10-02,168,0.0
2019-10-03,182,0.0
2019-10-04,160,0.0
2019-10-05,165,0.8
2019-10-06,181,0.0
2019-10-07,400,0.0
2019-10-08,272,0.8
2019-10-09,257,2.2
2019-10-10,210,0.4
2019-10-11,207,0.6000000000000001
2019-10-12,141,0.0
2019-10-13,121,0.0
2019-10-14,150,0.0
2019-10-15,185,0.0
2019-10-16,181,0.0
2019-10-17,148,0.0
2019-10-18,136,0.0
2019-10-19,128,0.0
2019-10-20,107,0.0
2019-10-21,307,0.6000000000000001
2019-10-22,419,6.6
2019-10-23,432,1.4
2019-10-24,262,1.2000000000000002
2019-10-25,212,0.0
2019-10-26,296,1.2
2019-10-27,276,0.6000000000000001
2019-10-28,218,0.4
2019-10-29,148,1.0
2019-10-30,146,5.0
2019-10-31,152,0.0
2019-11-01,186,0.0
2019-11-02,178,0.0
2019-11-03,426,6.0
2019-11-04,525,11.4
2019-11-05,243,0.0
2019-11-06,280,1.4
2019-11-07,916,23.4
2019-11-08,398,0.0
2019-11-09,230,0.0
2019-11-10,146,0.0
2019-11-11,214,0.0
2019-11-12,212,0.0
2019-11-13,186,0.0
2019-11-14,161,0.0
2019-11-15,377,0.0
2019-11-16,318,0.2
2019-11-17,234,66.4
2019-11-18,310,17.8
2019-11-19,327,2.4000000000000004
2019-11-20,282,9.4
2019-11-21,427,6.2
2019-11-22,313,6.4
2019-11-23,408,23.8
2019-11-24,297,0.8
2019-11-25,397,25.6
2019-11-26,245,0.2
2019-11-27,212,6.2
2019-11-28,356,0.2
2019-11-29,302,0.2
2019-11-30,322,3.2
2019-12-01,335,1.8
2019-12-02,294,0.2
2019-12-03,221,19.4
2019-12-04,288,9.4
2019-12-05,350,13.8
2019-12-06,397,72.4
2019-12-07,340,1.4
2019-12-08,383,11.6
2019-12-09,331,0.0
2019-12-10,334,61.8
2019-12-11,235,0.2
2019-12-12,421,0.0
2019-12-13,485,0.4
2019-12-14,568,28.6
2019-12-15,215,0.0
2019-12-16,253,0.0
2019-12-17,240,0.0
2019-12-18,319,11.8
2019-12-19,283,11.6
2019-12-20,214,0.0
2019-12-21,134,0.0
2019-12-22,392,0.0
2019-12-23,791,10.8
2019-12-24,557,4.4
2019-12-25,352,0.0
2019-12-26,350,0.0
2019-12-27,259,0.2
2019-12-28,181,0.0
2019-12-29,171,0.0
2019-12-30,179,0.0
2019-12-31,318,8.4
2020-01-01,215,0.4
2020-01-02,326,0.0
2020-01-03,254,31.4
2020-01-04,251,19.6
2020-01-05,257,57.4
2020-01-06,434,1.0
2020-01-07,276,0.0
2020-01-08,216,3.0
2020-01-09,331,12.0
2020-01-10,269,0.2
2020-01-11,242,0.6
2020-01-12,138,0.0
2020-01-13,187,0.0
2020-01-14,205,0.0
2020-01-15,228,0.0
2020-01-16,243,0.0
2020-01-17,257,0.8
2020-01-18,247,0.8
2020-01-19,279,0.0
2020-01-20,339,4.8
2020-01-21,287,9.8
2020-01-22,221,1.0
2020-01-23,239,8.4
2020-01-24,570,12.8
2020-01-25,434,40.6
2020-01-26,373,92.8
2020-01-27,403,9.4
2020-01-28,255,4.0
2020-01-29,211,0.2
2020-01-30,210,0.0
2020-01-31,209,0.0
2020-02-01,186,0.0
2020-02-02,125,0.0
2020-02-03,227,5.6
2020-02-04,256,17.4
2020-02-05,224,0.0
2020-02-06,255,31.2
2020-02-07,275,23.6
2020-02-08,202,25.4
2020-02-09,137,8.2
2020-02-10,275,1.4
2020-02-11,239,2.8
2020-02-12,227,2.8000000000000003
2020-02-13,202,2.6
2020-02-14,210,5.4
2020-02-15,240,1.4
2020-02-16,171,0.0
2020-02-17,191,0.0
2020-02-18,165,0.0
2020-02-19,184,4.4
2020-02-20,208,1.0
2020-02-21,195,18.0
2020-02-22,250,3.6
2020-02-23,154,0.2
2020-02-24,192,20.6
2020-02-25,183,0.2
2020-02-26,208,2.6
2020-02-27,270,0.0
2020-02-28,239,10.6
2020-02-29,172,5.2
2020-03-01,156,2.8
2020-03-02,223,8.4
2020-03-03,209,27.8
2020-03-04,172,0.0
2020-03-05,201,17.400000000000002
2020-03-06,159,30.0
2020-03-07,333,10.4
2020-03-08,142,0.6000000000000001
2020-03-09,174,20.4
2020-03-10,157,0.0
2020-03-11,137,0.0
2020-03-12,137,0.0
2020-03-13,169,0.0
2020-03-14,130,0.0
2020-03-15,148,0.0
2020-03-16,196,0.0
2020-03-17,190,0.0
2020-03-18,206,0.0
2020-03-19,220,0.0
2020-03-20,271,42.2
2020-03-21,181,0.2
2020-03-22,153,20.2
2020-03-23,218,4.6000000000000005
2020-03-24,176,20.2
2020-03-25,200,29.0
2020-03-26,246,31.4
2020-03-27,181,5.6
2020-03-28,173,11.4
2020-03-29,139,0.2
2020-03-30,213,0.0
2020-03-31,158,0.0
2020-04-01,155,0.0
2020-04-02,141,0.0
2020-04-03,158,0.0
2020-04-04,157,0.0
2020-04-05,102,6.199999999999999
2020-04-06,275,4.4
2020-04-07,227,1.8
2020-04-08,180,17.599999999999998
2020-04-09,199,8.799999999999999
2020-04-10,149,16.0
2020-04-11,142,1.2
2020-04-12,142,0.6
2020-04-13,180,3.6
2020-04-14,236,0.0
2020-04-15,191,9.4
2020-04-16,192,29.6
2020-04-17,194,0.4
2020-04-18,156,8.2
2020-04-19,122,0.0
2020-04-20,159,0.2
2020-04-21,149,5.4
2020-04-22,256,23.8
2020-04-23,182,41.2
2020-04-24,169,1.4
2020-04-25,160,0.0
2020-04-26,114,0.0
2020-04-27,139,0.0
2020-04-28,150,0.0
2020-04-29,134,0.0
2020-04-30,184,0.0
2020-05-01,127,0.0
2020-05-02,135,0.0
2020-05-03,130,0.0
2020-05-04,179,0.0
2020-05-05,162,0.0
2020-05-06,151,0.0
2020-05-07,107,0.0
2020-05-08,122,0.0
2020-05-09,152,0.0
2020-05-10,104,0.0
2020-05-11,173,0.0
2020-05-12,267,0.0
2020-05-13,200,0.0
2020-05-14,210,6.2
2020-05-15,241,1.4
2020-05-16,287,21.2
2020-05-17,148,0.2
2020-05-18,156,0.0
2020-05-19,153,0.0
2020-05-20,135,0.0
2020-05-21,172,0.0
2020-05-22,194,0.0
2020-05-23,140,0.0
2020-05-24,131,0.0
2020-05-25,216,0.2
2020-05-26,176,0.0
2020-05-27,307,0.0
2020-05-28,182,0.0
2020-05-29,148,0.0
2020-05-30,125,0.0
2020-05-31,118,0.0
2020-06-01,181,0.0
2020-06-02,166,0.0
2020-06-03,141,0.0
2020-06-04,159,0.0
2020-06-05,127,0.0
2020-06-06,156,0.0
2020-06-07,83,0.0
2020-06-08,143,0.0
2020-06-09,164,0.0
2020-06-10,168,0.0
2020-06-11,163,0.0
2020-06-12,123,0.0
2020-06-13,117,0.0
2020-06-14,144,0.0
2020-06-15,214,0.0
2020-06-16,149,0.0
2020-06-17,311,0.0
2020-06-18,250,0.0
2020-06-19,158,0.0
2020-06-20,166,0.0
2020-06-21,132,0.0
2020-06-22,163,0.0
2020-06-23,150,0.0
2020-06-24,180,0.0
2020-06-25,164,0.0
2020-06-26,174,0.0
2020-06-27,214,0.0
2020-06-28,111,0.0
2020-06-29,145,0.0
2020-06-30,215,0.0
2020-07-01,212,0.0
2020-07-02,176,0.0
2020-07-03,172,0.0
2020-07-04,142,0.0
2020-07-05,121,0.0
2020-07-06,142,0.0
2020-07-07,345,0.0
2020-07-08,177,0.0
2020-07-09,167,0.0
2020-07-10,217,0.0
2020-07-11,146,0.0
2020-07-12,117,0.0
2020-07-13,170,0.0
2020-07-14,216,0.0
2020-07-15,192,0.0
2020-07-16,150,0.0
2020-07-17,128,0.0
2020-07-18,234,0.0
2020-07-19,223,0.0
2020-07-20,201,0.0
2020-07-21,172,0.0
2020-07-22,121,0.0
2020-07-23,148,0.0
2020-07-24,171,0.0
2020-07-25,112,0.0
2020-07-26,129,0.0
2020-07-27,171,0.0
2020-07-28,189,0.0
2020-07-29,163,0.0
2020-07-30,164,0.0
2020-07-31,195,0.0
2020-08-01,152,0.0
2020-08-02,131,0.0
2020-08-03,149,0.0
2020-08-04,166,0.0
2020-08-05,175,0.0
2020-08-06,149,0.0
2020-08-07,126,0.0
2020-08-08,146,0.0
2020-08-09,120,0.0
2020-08-10,136,0.0
2020-08-11,151,0.0
2020-08-12,153,0.0
2020-08-13,135,0.0
2020-08-14,130,0.0
2020-08-15,175,0.0
2020-08-16,143,0.0
2020-08-17,188,0.0
2020-08-18,181,0.0
2020-08-19,154,0.0
2020-08-20,185,0.0
2020-08-21,164,0.0
2020-08-22,119,0.0
2020-08-23,127,0.0
2020-08-24,131,0.0
2020-08-25,165,0.0
2020-08-26,163,0.0
2020-08-27,139,0.0
2020-08-28,129,0.0
2020-08-29,119,0.0
2020-08-30,108,0.0
2020-08-31,127,0.0
2020-09-01,122,0.0
2020-09-02,142,0.0
2020-09-03,135,0.0
2020-09-04,141,0.0
2020-09-05,191,0.0
2020-09-06,114,0.0
2020-09-07,88,0.0
2020-09-08,113,0.0
2020-09-09,127,0.0
2020-09-10,121,0.0
2020-09-11,163,0.0
2020-09-12,121,0.0
2020-09-13,107,0.0
2020-09-14,99,0.0
2020-09-15,126,0.0
2020-09-16,174,0.0
2020-09-17,150,0.0
2020-09-18,214,0.0
2020-09-19,178,0.0
2020-09-20,142,0.0
2020-09-21,900,25.4
2020-09-22,561,1.8
2020-09-23,327,2.6
2020-09-24,231,0.0
2020-09-25,207,0.0
2020-09-26,150,0.0
2020-09-27,127,0.0
2020-09-28,207,0.0
2020-09-29,206,0.0
2020-09-30,253,0.0
2020-10-01,195,0.0
2020-10-02,162,0.0
2020-10-03,169,0.0
2020-10-04,110,0.0
2020-10-05,141,0.0
2020-10-06,150,0.0
2020-10-07,253,0.0
2020-10-08,359,0.0
2020-10-09,268,0.0
2020-10-10,504,0.0
2020-10-11,484,0.0
2020-10-12,270,0.0
2020-10-13,334,0.0
2020-10-14,368,5.0
2020-10-15,312,0.0
2020-10-16,266,0.0
2020-10-17,186,0.0
2020-10-18,294,41.6
2020-10-19,576,31.6
2020-10-20,240,2.8
2020-10-21,423,1.6
2020-10-22,376,1.4
2020-10-23,330,9.0
2020-10-24,382,20.4
2020-10-25,361,0.0
2020-10-26,306,13.2
2020-10-27,302,6.8
2020-10-28,341,0.4
2020-10-29,274,0.0
2020-10-30,225,29.4
2020-10-31,237,6.0
2020-11-01,134,7.6
2020-11-02,191,0.4
2020-11-03,371,79.0
2020-11-04,239,0.2
2020-11-05,203,5.2
2020-11-06,271,1.0
2020-11-07,241,4.0
2020-11-08,130,1.2
2020-11-09,221,0.0
2020-11-10,224,0.0
2020-11-11,224,4.800000000000001
2020-11-12,332,30.0
2020-11-13,242,1.8
2020-11-14,230,8.0
2020-11-15,251,5.6000000000000005
2020-11-16,329,15.8
2020-11-17,270,17.400000000000002
2020-11-18,217,0.2
2020-11-19,332,38.6
2020-11-20,213,0.2
2020-11-21,171,3.8
2020-11-22,128,0.0
2020-11-23,165,0.0
2020-11-24,206,0.6
2020-11-25,295,0.6
2020-11-26,250,0.0
2020-11-27,176,0.0
2020-11-28,152,0.0
2020-11-29,166,0.0
2020-11-30,169,0.0
2020-12-01,190,0.0
2020-12-02,200,0.0
2020-12-03,408,0.0
2020-12-04,417,0.0
2020-12-05,439,0.2
2020-12-06,356,1.6
2020-12-07,272,9.4
2020-12-08,372,2.8
2020-12-09,412,10.8
2020-12-10,431,0.4
2020-12-11,466,16.4
2020-12-12,294,3.2
2020-12-13,209,0.0
2020-12-14,234,0.0
2020-12-15,238,0.0
2020-12-16,162,0.0
2020-12-17,153,0.0
2020-12-18,125,0.0
2020-12-19,162,7.399999999999999
2020-12-20,194,1.2
2020-12-21,204,3.8
2020-12-22,279,30.4
2020-12-23,281,17.6
2020-12-24,332,16.0
2020-12-25,222,13.2
2020-12-26,233,20.0
2020-12-27,321,0.2
2020-12-28,263,0.0
2020-12-29,217,0.0
2020-12-30,157,0.0
2020-12-31,351,0.0
2021-01-01,328,1.4
2021-01-02,265,4.6000000000000005
2021-01-03,509,33.800000000000004
2021-01-04,274,11.6
2021-01-05,233,0.2
2021-01-06,239,0.0
2021-01-07,339,9.6
2021-01-08,202,0.0
2021-01-09,428,27.8
2021-01-10,250,11.0
2021-01-11,234,0.6
2021-01-12,324,12.8
2021-01-13,278,0.0
2021-01-14,313,2.8000000000000003
2021-01-15,225,0.2
2021-01-16,248,12.8
2021-01-17,161,0.0
2021-01-18,206,0.0
2021-01-19,227,0.0
2021-01-20,187,0.0
2021-01-21,149,0.0
2021-01-22,154,0.0
2021-01-23,164,0.0
2021-01-24,117,0.0
2021-01-25,256,78.0
2021-01-26,704,53.6
2021-01-27,381,0.8
2021-01-28,258,0.0
2021-01-29,255,0.0
2021-01-30,149,0.0
2021-01-31,180,0.0
2021-02-01,355,26.4
2021-02-02,286,0.2
2021-02-03,700,0.8
2021-02-04,506,40.8
2021-02-05,309,52.8
2021-02-06,372,33.6
2021-02-07,282,5.800000000000001
2021-02-08,433,50.8
2021-02-09,351,0.2
2021-02-10,362,0.0
2021-02-11,334,1.2
2021-02-12,311,32.0
2021-02-13,346,27.4
2021-02-14,267,11.0
2021-02-15,412,20.6
2021-02-16,304,72.0
2021-02-17,346,15.8
2021-02-18,324,7.800000000000001
2021-02-19,327,1.6
2021-02-20,479,23.000000000000004
2021-02-21,296,5.4
2021-02-22,324,44.2
2021-02-23,324,7.800000000000001
2021-02-24,329,2.4
2021-02-25,361,16.8
2021-02-26,275,2.6
2021-02-27,240,30.8
2021-02-28,494,5.6
2021-03-01,293,0.6
2021-03-02,235,0.0
2021-03-03,247,0.0
2021-03-04,249,0.0
2021-03-05,283,0.0
2021-03-06,266,0.0
2021-03-07,234,4.4
2021-03-08,634,57.0
2021-03-09,365,0.2
2021-03-10,285,0.0
2021-03-11,269,0.0
2021-03-12,283,43.0
2021-03-13,252,1.8
2021-03-14,190,24.0
2021-03-15,258,24.200000000000003
2021-03-16,241,0.2
2021-03-17,221,0.0
2021-03-18,286,0.0
2021-03-19,324,5.4
2021-03-20,237,0.0
2021-03-21,176,0.0
2021-03-22,192,0.0
2021-03-23,149,0.0
2021-03-24,181,0.0
2021-03-25,231,0.0
2021-03-26,199,0.0
2021-03-27,257,0.0
2021-03-28,130,0.0
2021-03-29,239,0.0
2021-03-30,214,0.0
2021-03-31,388,0.0
2021-04-01,279,8.0
2021-04-02,219,0.0
2021-04-03,267,0.0
2021-04-04,239,33.6
2021-04-05,264,11.2
2021-04-06,192,4.8
2021-04-07,178,0.0
2021-04-08,275,2.0
2021-04-09,218,0.0
2021-04-10,224,0.0
2021-04-11,164,0.0
2021-04-12,237,0.0
2021-04-13,228,0.0
2021-04-14,173,0.0
2021-04-15,209,0.0
2021-04-16,231,0.0
2021-04-17,172,1.4
2021-04-18,237,16.6
2021-04-19,302,12.8
2021-04-20,269,0.2
2021-04-21,191,0.0
2021-04-22,249,0.0
2021-04-23,275,0.0
2021-04-24,172,0.0
2021-04-25,155,8.2
2021-04-26,214,5.6
2021-04-27,234,0.0
2021-04-28,205,0.0
2021-04-29,281,17.4
2021-04-30,177,0.0
2021-05-01,121,0.0
2021-05-02,110,0.0
2021-05-03,204,0.0
2021-05-04,194,0.0
2021-05-05,203,0.0
2021-05-06,236,0.0
2021-05-07,251,0.0
2021-05-08,200,3.8
2021-05-09,142,0.2
2021-05-10,197,0.0
2021-05-11,245,0.0
2021-05-12,205,0.0
2021-05-13,187,0.0
2021-05-14,169,0.0
2021-05-15,138,0.0
2021-05-16,118,0.0
2021-05-17,195,0.0
2021-05-18,211,0.0
2021-05-19,209,0.0
2021-05-20,250,0.0
2021-05-21,225,0.0
2021-05-22,190,0.0
2021-05-23,192,0.0
2021-05-24,189,0.0
2021-05-25,185,0.0
2021-05-26,198,0.0
2021-05-27,204,0.0
2021-05-28,425,0.0
2021-05-29,151,0.0
2021-05-30,108,0.0
2021-05-31,205,0.0
2021-06-01,167,0.0
2021-06-02,195,0.0
2021-06-03,154,0.0
2021-06-04,306,0.0
2021-06-05,208,0.0
2021-06-06,114,0.0
2021-06-07,175,0.0
2021-06-08,167,0.0
2021-06-09,194,0.0
2021-06-10,218,0.0
2021-06-11,248,0.0
2021-06-12,205,0.0
2021-06-13,145,0.0
2021-06-14,443,0.0
2021-06-15,565,29.6
2021-06-16,330,0.0
2021-06-17,266,0.0
2021-06-18,216,0.0
2021-06-19,207,0.0
2021-06-20,216,0.0
2021-06-21,173,0.0
2021-06-22,203,0.0
2021-06-23,258,0.0
2021-06-24,249,0.0
2021-06-25,215,0.0
2021-06-26,165,0.0
2021-06-27,134,0.0
2021-06-28,181,0.0
2021-06-29,206,0.0
2021-06-30,350,0.0
2021-07-01,222,0.0
2021-07-02,176,0.0
2021-07-03,139,0.0
2021-07-04,181,0.0
2021-07-05,199,0.0
2021-07-06,174,0.0
2021-07-07,244,0.0
2021-07-08,273,0.0
2021-07-09,183,0.0
2021-07-10,154,0.0
2021-07-11,136,0.0
2021-07-12,185,0.0
2021-07-13,215,0.0
2021-07-14,234,0.0
2021-07-15,283,0.0
2021-07-16,289,0.0
2021-07-17,256,0.0
2021-07-18,158,0.0
2021-07-19,176,0.0
2021-07-20,211,0.0
2021-07-21,194,0.0
2021-07-22,268,0.0
2021-07-23,188,0.0
2021-07-24,185,0.0
2021-07-25,132,0.0
2021-07-26,224,0.0
2021-07-27,186,0.0
2021-07-28,218,0.0
2021-07-29,207,0.0
2021-07-30,177,0.0
2021-07-31,161,0.0
2021-08-01,121,0.0
2021-08-02,170,0.0
2021-08-03,166,0.0
2021-08-04,214,0.0
2021-08-05,220,0.0
2021-08-06,221,0.0
2021-08-07,156,0.0
2021-08-08,118,0.0
2021-08-09,207,0.0
2021-08-10,253,0.0
2021-08-11,238,0.0
2021-08-12,176,0.0
2021-08-13,152,0.0
2021-08-14,150,0.0
2021-08-15,139,0.0
2021-08-16,195,0.0
2021-08-17,232,0.0
2021-08-18,268,0.0
2021-08-19,273,0.0
2021-08-20,212,0.0
2021-08-21,157,0.0
2021-08-22,235,0.0
2021-08-23,254,0.0
2021-08-24,247,0.0
2021-08-25,217,0.0
2021-08-26,214,0.0
2021-08-27,201,0.0
2021-08-28,175,0.0
2021-08-29,143,0.0
2021-08-30,425,2.6
2021-08-31,320,0.2
2021-09-01,187,0.0
2021-09-02,194,0.0
2021-09-03,210,0.0
2021-09-04,158,0.0
2021-09-05,187,0.0
2021-09-06,246,0.0
2021-09-07,180,0.0
2021-09-08,255,0.0
2021-09-09,233,0.0
2021-09-10,232,0.0
2021-09-11,183,0.0
2021-09-12,179,0.0
2021-09-13,258,0.0
2021-09-14,243,0.0
2021-09-15,178,0.0
2021-09-16,207,0.0
2021-09-17,199,0.0
2021-09-18,184,0.0
2021-09-19,144,0.0
2021-09-20,212,0.0
2021-09-21,267,0.0
2021-09-22,361,0.0
2021-09-23,206,0.0
2021-09-24,451,1.0
2021-09-25,628,4.8
2021-09-26,286,0.0
2021-09-27,238,0.0
2021-09-28,249,0.0
2021-09-29,267,6.8
2021-09-30,321,0.0
2021-10-01,340,0.0
2021-10-02,470,7.8
2021-10-03,190,0.0
2021-10-04,197,1.0
2021-10-05,236,0.0
2021-10-06,255,0.0
2021-10-07,231,0.0
2021-10-08,194,0.0
2021-10-09,236,0.0
2021-10-10,500,56.4
2021-10-11,470,4.2
2021-10-12,358,0.0
2021-10-13,436,18.8
2021-10-14,444,26.6
2021-10-15,344,0.2
2021-10-16,311,0.0
2021-10-17,292,0.0
2021-10-18,382,0.0
2021-10-19,380,2.2
2021-10-20,479,0.2
2021-10-21,645,11.4
2021-10-22,386,4.2
2021-10-23,251,0.2
2021-10-24,225,0.0
2021-10-25,325,3.8
2021-10-26,387,0.8
2021-10-27,289,0.0
2021-10-28,255,0.0
2021-10-29,214,0.0
2021-10-30,334,10.2
2021-10-31,278,9.8
2021-11-01,342,0.0
2021-11-02,216,0.0
2021-11-03,245,0.0
2021-11-04,255,4.2
2021-11-05,415,36.2
2021-11-06,304,0.0
2021-11-07,295,0.0
2021-11-08,449,39.2
2021-11-09,258,0.0
2021-11-10,333,2.8
2021-11-11,379,26.0
2021-11-12,379,20.8
2021-11-13,371,7.8
2021-11-14,217,31.6
2021-11-15,276,2.8000000000000003
2021-11-16,365,7.8
2021-11-17,273,0.6000000000000001
2021-11-18,356,29.0
2021-11-19,363,3.0
2021-11-20,338,27.6
2021-11-21,251,20.6
2021-11-22,483,15.8
2021-11-23,406,11.8
2021-11-24,347,1.4
2021-11-25,362,0.0
2021-11-26,447,0.0
2021-11-27,1424,2.4
2021-11-28,554,0.4
2021-11-29,804,48.4
2021-11-30,552,1.6
2021-12-01,521,37.400000000000006
2021-12-02,365,1.0
2021-12-03,369,7.6
2021-12-04,313,66.2
2021-12-05,306,0.0
2021-12-06,369,22.0
2021-12-07,535,10.4
2021-12-08,443,8.6
2021-12-09,353,0.2
2021-12-10,350,0.0
2021-12-11,353,10.2
2021-12-12,349,8.4
2021-12-13,354,35.0
2021-12-14,377,2.6
2021-12-15,344,1.4
2021-12-16,386,1.6
2021-12-17,341,6.2
2021-12-18,393,7.0
2021-12-19,291,55.8
2021-12-20,508,20.4
2021-12-21,413,17.4
2021-12-22,496,7.4
2021-12-23,311,2.0
2021-12-24,524,21.4
2021-12-25,289,0.0
2021-12-26,205,0.0
2021-12-27,311,0.0
2021-12-28,279,1.2
2021-12-29,253,0.8
2021-12-30,317,25.2
2021-12-31,314,13.6
2022-01-01,227,25.8
2022-01-02,220,3.8
2022-01-03,288,12.2
2022-01-04,347,3.2
2022-01-05,270,0.0
2022-01-06,273,3.6
2022-01-07,274,16.8
2022-01-08,271,17.2
2022-01-09,346,11.6
2022-01-10,356,3.8
2022-01-11,365,20.6
2022-01-12,375,3.8
2022-01-13,443,0.2
2022-01-14,354,0.0
2022-01-15,274,0.0
2022-01-16,153,0.0
2022-01-17,309,0.0
2022-01-18,219,0.0
2022-01-19,346,2.0
2022-01-20,285,0.0
2022-01-21,366,5.0
2022-01-22,198,0.0
2022-01-23,153,0.0
2022-01-24,227,0.0
2022-01-25,347,0.0
2022-01-26,277,0.0
2022-01-27,313,1.2
2022-01-28,306,2.0
2022-01-29,264,0.0
2022-01-30,258,0.0
2022-01-31,245,0.8
2022-02-01,256,0.0
2022-02-02,351,0.0
2022-02-03,392,49.0
2022-02-04,367,13.4
2022-02-05,309,0.2
2022-02-06,245,12.4
2022-02-07,259,0.0
2022-02-08,291,10.6
2022-02-09,301,4.6000000000000005
2022-02-10,309,0.6000000000000001
2022-02-11,305,6.0
2022-02-12,237,0.2
2022-02-13,364,12.2
2022-02-14,354,0.0
2022-02-15,407,9.2
2022-02-16,438,12.2
2022-02-17,373,58.8
2022-02-18,266,0.2
2022-02-19,255,6.2
2022-02-20,223,12.0
2022-02-21,321,27.2
2022-02-22,329,0.8
2022-02-23,301,0.0
2022-02-24,398,0.0
2022-02-25,330,0.0
2022-02-26,237,0.0
2022-02-27,210,0.0
2022-02-28,230,0.0
2022-03-01,213,0.0
2022-03-02,566,52.2
2022-03-03,460,0.2
2022-03-04,405,1.6
2022-03-05,410,0.0
2022-03-06,427,1.2
2022-03-07,355,1.8
2022-03-08,302,0.0
2022-03-09,233,0.0
2022-03-10,303,0.0
2022-03-11,234,9.8
2022-03-12,369,15.0
2022-03-13,380,0.4
2022-03-14,364,2.8
2022-03-15,322,27.6
2022-03-16,282,2.0
2022-03-17,219,0.0
2022-03-18,292,7.0
2022-03-19,250,0.0
2022-03-20,174,0.0
2022-03-21,243,0.0
2022-03-22,287,0.0
2022-03-23,318,0.0
2022-03-24,259,0.0
2022-03-25,298,0.0
2022-03-26,227,0.0
2022-03-27,195,0.0
2022-03-28,226,0.0
2022-03-29,232,0.0
2022-03-30,328,0.0
2022-03-31,237,0.0
2022-04-01,203,0.0
2022-04-02,190,0.0
2022-04-03,146,0.0
2022-04-04,179,0.0
2022-04-05,215,0.0
2022-04-06,227,0.0
2022-04-07,235,0.0
2022-04-08,268,1.0
2022-04-09,228,0.0
2022-04-10,230,0.0
2022-04-11,359,0.0
2022-04-12,371,0.0
2022-04-13,338,20.8
2022-04-14,304,0.2
2022-04-15,221,0.0
2022-04-16,202,0.0
2022-04-17,263,0.0
2022-04-18,217,0.0
2022-04-19,175,0.0
2022-04-20,241,0.0
2022-04-21,198,0.0
2022-04-22,260,0.0
2022-04-23,295,1.4
2022-04-24,210,0.0
2022-04-25,278,0.0
2022-04-26,265,0.0
2022-04-27,202,0.0
2022-04-28,220,0.0
2022-04-29,248,0.0
2022-04-30,189,0.0
2022-05-01,136,0.0
2022-05-02,198,0.0
2022-05-03,194,0.0
2022-05-04,221,0.0
2022-05-05,322,0.0
2022-05-06,362,14.4
2022-05-07,227,0.2
2022-05-08,179,0.0
2022-05-09,248,0.0
2022-05-10,191,0.0
2022-05-11,203,0.0
2022-05-12,171,0.0
2022-05-13,188,0.0
2022-05-14,210,0.0
2022-05-15,195,0.0
2022-05-16,299,0.0
2022-05-17,258,0.0
2022-05-18,295,0.0
2022-05-19,382,0.0
2022-05-20,319,0.0
2022-05-21,224,0.0
2022-05-22,320,0.0
2022-05-23,227,0.0
2022-05-24,218,0.0
2022-05-25,309,0.0
2022-05-26,282,0.0
2022-05-27,264,0.0
2022-05-28,196,0.0
2022-05-29,165,0.0
2022-05-30,200,0.0
2022-05-31,229,0.0
2022-06-01,191,0.0
2022-06-02,252,0.0
2022-06-03,246,0.0
2022-06-04,177,0.0
2022-06-05,235,0.0
2022-06-06,211,0.0
2022-06-07,183,0.0
2022-06-08,233,0.0
2022-06-09,315,0.0
2022-06-10,208,0.0
2022-06-11,198,0.0
2022-06-12,191,0.0
2022-06-13,258,0.0
2022-06-14,252,0.0
2022-06-15,236,0.0
2022-06-16,228,0.0
2022-06-17,217,0.0
2022-06-18,171,0.0
2022-06-19,173,0.0
2022-06-20,201,0.0
2022-06-21,189,0.0
2022-06-22,216,0.0
2022-06-23,213,0.0
2022-06-24,194,0.0
2022-06-25,204,0.0
2022-06-26,180,0.0
2022-06-27,201,0.0
2022-06-28,202,0.0
2022-06-29,238,0.0
2022-06-30,206,0.0
2022-07-01,267,0.0
2022-07-02,233,0.0
2022-07-03,148,0.0
2022-07-04,202,0.0
2022-07-05,177,0.0
2022-07-06,210,0.0
2022-07-07,225,0.0
2022-07-08,202,0.0
2022-07-09,180,0.0
2022-07-10,166,0.0
2022-07-11,246,0.0
2022-07-12,233,0.0
2022-07-13,265,0.0
2022-07-14,214,0.0
2022-07-15,179,0.0
2022-07-16,204,0.0
2022-07-17,183,0.0
2022-07-18,430,0.0
2022-07-19,238,0.0
2022-07-20,197,0.0
2022-07-21,204,0.0
2022-07-22,218,0.0
2022-07-23,187,0.0
2022-07-24,173,0.0
2022-07-25,216,0.0
2022-07-26,282,0.0
2022-07-27,216,0.0
2022-07-28,252,0.0
2022-07-29,275,0.0
2022-07-30,219,0.0
2022-07-31,179,0.0
2022-08-01,310,0.0
2022-08-02,307,0.0
2022-08-03,196,0.0
2022-08-04,226,0.0
2022-08-05,276,0.0
2022-08-06,246,0.0
2022-08-07,179,0.0
2022-08-08,233,0.0
2022-08-09,250,0.0
2022-08-10,274,0.0
2022-08-11,217,0.0
2022-08-12,186,0.0
2022-08-13,301,0.0
2022-08-14,190,0.0
2022-08-15,224,0.0
2022-08-16,221,0.0
2022-08-17,245,0.0
2022-08-18,211,0.0
2022-08-19,253,0.0
2022-08-20,315,0.0
2022-08-21,156,0.0
2022-08-22,212,0.0
2022-08-23,194,0.0
2022-08-24,242,0.0
2022-08-25,222,0.0
2022-08-26,201,0.0
2022-08-27,168,0.0
2022-08-28,366,0.0
2022-08-29,262,0.0
2022-08-30,252,0.0
2022-08-31,352,0.0
2022-09-01,276,0.0
2022-09-02,222,0.0
2022-09-03,250,0.0
2022-09-04,159,0.0
2022-09-05,196,0.0
2022-09-06,198,0.0
2022-09-07,184,0.0
2022-09-08,166,0.0
2022-09-09,214,0.0
2022-09-10,179,0.0
2022-09-11,307,0.0
2022-09-12,328,0.0
2022-09-13,313,0.0
2022-09-14,275,0.0
2022-09-15,229,0.0
2022-09-16,434,0.0
2022-09-17,617,1.4
2022-09-18,815,5.0
2022-09-19,634,10.4
2022-09-20,410,0.0
2022-09-21,299,8.6
2022-09-22,543,15.0
2022-09-23,424,0.0
2022-09-24,367,0.0
2022-09-25,281,0.0
2022-09-26,361,0.0
2022-09-27,300,0.0
2022-09-28,289,0.0
2022-09-29,242,0.0
2022-09-30,327,0.0
2022-10-01,332,0.0
2022-10-02,224,0.0
2022-10-03,246,0.0
2022-10-04,232,0.0
2022-10-05,391,0.0
2022-10-06,324,0.0
2022-10-07,396,0.0
2022-10-08,258,0.0
2022-10-09,235,0.2
2022-10-10,358,0.0
2022-10-11,370,0.0
2022-10-12,417,0.0
2022-10-13,260,0.0
2022-10-14,196,0.0
2022-10-15,469,0.0
2022-10-16,177,0.0
2022-10-17,259,0.0
2022-10-18,331,0.0
2022-10-19,309,0.0
2022-10-20,245,0.0
2022-10-21,447,0.0
2022-10-22,240,0.0
2022-10-23,210,1.8
2022-10-24,276,0.8
2022-10-25,215,0.0
2022-10-26,436,1.6
2022-10-27,311,15.8
2022-10-28,357,1.2
2022-10-29,284,0.0
2022-10-30,228,0.0
2022-10-31,494,14.0
2022-11-01,994,40.2
2022-11-02,433,4.0
2022-11-03,371,11.0
2022-11-04,300,1.2000000000000002
2022-11-05,235,0.0
2022-11-06,364,0.0
2022-11-07,367,0.0
2022-11-08,699,34.0
2022-11-09,658,0.0
2022-11-10,815,42.8
2022-11-11,856,22.4
2022-11-12,452,0.8
2022-11-13,260,0.2
2022-11-14,471,14.8
2022-11-15,803,113.0
2022-11-16,749,15.6
2022-11-17,511,0.2
2022-11-18,503,1.4
2022-11-19,833,23.8
2022-11-20,464,4.6000000000000005
2022-11-21,483,8.0
2022-11-22,328,0.2
2022-11-23,416,21.2
2022-11-24,400,5.0
2022-11-25,419,6.4
2022-11-26,347,39.2
2022-11-27,209,0.0
2022-11-28,358,0.0
2022-11-29,488,18.0
2022-11-30,750,0.4
2022-12-01,318,9.2
2022-12-02,254,2.0
2022-12-03,225,2.0
2022-12-04,254,22.6
2022-12-05,262,0.2
2022-12-06,295,37.8
2022-12-07,329,1.2
2022-12-08,542,3.2
2022-12-09,661,42.0
2022-12-10,449,14.6
2022-12-11,292,0.0
2022-12-12,375,0.0
2022-12-13,673,0.0
2022-12-14,403,6.6
2022-12-15,425,13.8
2022-12-16,281,17.6
2022-12-17,346,10.4
2022-12-18,297,15.8
2022-12-19,359,0.0
2022-12-20,355,1.4
2022-12-21,293,8.8
2022-12-22,296,0.0
2022-12-23,427,10.4
2022-12-24,572,17.8
2022-12-25,314,20.4
2022-12-26,402,44.4
2022-12-27,390,9.8
2022-12-28,301,0.0
2022-12-29,292,0.2
2022-12-30,279,0.0
2022-12-31,340,11.0
2023-01-01,191,0.2
2023-01-02,236,15.8
2023-01-03,259,0.4
2023-01-04,292,1.2
2023-01-05,265,0.8
2023-01-06,291,7.0
2023-01-07,271,9.0
2023-01-08,203,0.4
2023-01-09,363,3.2
2023-01-10,432,0.0
2023-01-11,423,35.2
2023-01-12,304,6.4
2023-01-13,353,15.6
2023-01-14,346,13.6
2023-01-15,429,16.6
2023-01-16,354,0.0
2023-01-17,305,0.0
2023-01-18,330,0.0
2023-01-19,429,5.8
2023-01-20,373,0.4
2023-01-21,411,0.0
2023-01-22,238,0.0
2023-01-23,320,0.0
2023-01-24,337,7.199999999999999
2023-01-25,456,16.0
2023-01-26,253,6.6000000000000005
2023-01-27,258,8.6
2023-01-28,350,3.0
2023-01-29,350,16.8
2023-01-30,385,0.2
2023-01-31,310,0.8
2023-02-01,287,0.0
2023-02-02,220,0.0
2023-02-03,369,0.2
2023-02-04,298,0.0
2023-02-05,342,12.4
2023-02-06,407,0.6
2023-02-07,331,10.6
2023-02-08,338,0.0
2023-02-09,343,0.0
2023-02-10,233,1.0
2023-02-11,215,0.0
2023-02-12,238,0.0
2023-02-13,223,0.0
2023-02-14,238,0.0
2023-02-15,319,0.0
2023-02-16,266,0.0
2023-02-17,382,0.0
2023-02-18,235,6.4
2023-02-19,174,3.2
2023-02-20,234,0.0
2023-02-21,377,2.0
2023-02-22,426,18.6
2023-02-23,329,0.0
2023-02-24,488,0.0
2023-02-25,319,0.0
2023-02-26,204,0.0
2023-02-27,367,0.0
2023-02-28,315,0.0
2023-03-01,429,11.6
2023-03-02,420,6.2
2023-03-03,351,1.0
2023-03-04,275,0.0
2023-03-05,224,0.0
2023-03-06,332,21.2
2023-03-07,270,4.6000000000000005
2023-03-08,362,4.0
2023-03-09,329,12.4
2023-03-10,305,2.6
2023-03-11,256,0.0
2023-03-12,188,0.0
2023-03-13,203,1.2000000000000002
2023-03-14,216,0.0
2023-03-15,280,0.0
2023-03-16,428,42.2
2023-03-17,305,1.8
2023-03-18,284,0.4
2023-03-19,164,0.0
2023-03-20,308,19.4
2023-03-21,300,4.2
2023-03-22,268,0.4
2023-03-23,254,2.0
2023-03-24,222,0.0
2023-03-25,217,0.0
2023-03-26,194,0.0
2023-03-27,220,0.0
2023-03-28,249,0.0
2023-03-29,208,0.0
2023-03-30,244,0.0
2023-03-31,203,0.0
2023-04-01,200,0.0
2023-04-02,254,1.4
2023-04-03,316,0.6000000000000001
2023-04-04,225,0.0
2023-04-05,256,6.4
2023-04-06,268,0.0
2023-04-07,283,5.4
2023-04-08,319,0.7999999999999999
2023-04-09,242,1.4
2023-04-10,309,37.4
2023-04-11,335,26.0
2023-04-12,345,0.0
2023-04-13,271,13.4
2023-04-14,324,9.2
2023-04-15,301,0.0
2023-04-16,218,13.4
2023-04-17,331,1.6
2023-04-18,331,0.0
2023-04-19,281,0.0
2023-04-20,237,16.2
2023-04-21,256,0.0
2023-04-22,186,0.0
2023-04-23,132,0.0
2023-04-24,242,0.0
2023-04-25,270,0.0
2023-04-26,225,0.0
2023-04-27,241,21.2
2023-04-28,269,1.8
2023-04-29,268,4.4
2023-04-30,343,26.6
2023-05-01,299,0.6000000000000001
2023-05-02,254,0.0
2023-05-03,226,0.0
2023-05-04,230,0.0
2023-05-05,185,0.0
2023-05-06,180,0.0
2023-05-07,149,0.0
2023-05-08,198,0.0
2023-05-09,188,0.0
2023-05-10,283,0.0
2023-05-11,223,1.0
2023-05-12,240,0.2
2023-05-13,171,0.0
2023-05-14,135,0.0
2023-05-15,219,0.0
2023-05-16,173,0.0
2023-05-17,180,0.0
2023-05-18,221,0.0
2023-05-19,166,0.0
2023-05-20,160,0.0
2023-05-21,189,0.0
2023-05-22,217,0.0
2023-05-23,170,0.0
2023-05-24,183,0.0
2023-05-25,284,0.0
2023-05-26,237,0.0
2023-05-27,178,0.0
2023-05-28,175,0.0
2023-05-29,190,0.0
2023-05-30,243,0.0
2023-05-31,214,0.0
2023-06-01,213,0.0
2023-06-02,226,0.0
2023-06-03,166,0.0
2023-06-04,137,0.0
2023-06-05,201,0.0
2023-06-06,173,0.0
2023-06-07,171,0.0
2023-06-08,195,0.0
2023-06-09,205,0.0
2023-06-10,157,0.0
2023-06-11,230,0.0
2023-06-12,264,0.0
2023-06-13,219,0.4
2023-06-14,223,0.0
2023-06-15,243,0.0
2023-06-16,289,1.2
2023-06-17,330,0.4
2023-06-18,253,0.2
2023-06-19,215,0.0
2023-06-20,193,0.0
2023-06-21,244,0.0
2023-06-22,193,0.0
2023-06-23,210,0.0
2023-06-24,201,0.0
2023-06-25,147,0.0
2023-06-26,254,0.0
2023-06-27,170,0.0
2023-06-28,180,0.0
2023-06-29,270,0.0
2023-06-30,200,0.0
2023-07-01,139,0.0
2023-07-02,164,0.0
2023-07-03,248,0.0
2023-07-04,208,0.0
2023-07-05,212,0.0
2023-07-06,215,0.0
2023-07-07,173,0.0
2023-07-08,272,0.0
2023-07-09,211,0.0
2023-07-10,257,0.0
2023-07-11,211,0.0
2023-07-12,182,0.0
2023-07-13,385,0.0
2023-07-14,201,0.0
2023-07-15,180,0.0
2023-07-16,148,0.0
2023-07-17,215,0.0
2023-07-18,228,0.0
2023-07-19,231,0.0
2023-07-20,388,0.0
2023-07-21,310,0.0
2023-07-22,213,0.0
2023-07-23,160,0.0
2023-07-24,214,0.0
2023-07-25,196,0.0
2023-07-26,225,0.0
2023-07-27,230,0.0
2023-07-28,182,0.0
2023-07-29,161,0.0
2023-07-30,173,0.0
2023-07-31,231,0.0
2023-08-01,195,0.0
2023-08-02,174,0.0
2023-08-03,192,0.0
2023-08-04,205,0.0
2023-08-05,154,0.0
2023-08-06,167,0.0
2023-08-07,189,0.0
2023-08-08,190,0.0
2023-08-09,243,0.0
2023-08-10,180,0.0
2023-08-11,247,0.0
2023-08-12,193,0.0
2023-08-13,136,0.0
2023-08-14,257,0.0
2023-08-15,1007,0.0
2023-08-16,223,0.0
2023-08-17,173,0.0
2023-08-18,155,0.0
2023-08-19,209,0.0
2023-08-20,269,0.0
2023-08-21,301,0.0
2023-08-22,272,0.0
2023-08-23,243,0.0
2023-08-24,238,0.0
2023-08-25,406,0.0
2023-08-26,479,4.6
2023-08-27,450,0.4
2023-08-28,560,7.800000000000001
2023-08-29,408,0.0
2023-08-30,510,8.2
2023-08-31,402,16.6
2023-09-01,412,20.8
2023-09-02,249,1.8
2023-09-03,185,0.0
2023-09-04,245,0.0
2023-09-05,313,0.0
2023-09-06,312,0.0
2023-09-07,258,0.0
2023-09-08,255,0.0
2023-09-09,206,0.0
2023-09-10,122,0.0
2023-09-11,226,0.0
2023-09-12,205,0.0
2023-09-13,269,0.0
2023-09-14,211,0.0
2023-09-15,210,0.0
2023-09-16,238,0.0
2023-09-17,164,0.0
2023-09-18,239,0.0
2023-09-19,238,0.0
2023-09-20,216,0.0
2023-09-21,237,0.0
2023-09-22,226,0.0
2023-09-23,157,0.0
2023-09-24,235,0.0
2023-09-25,371,0.0
2023-09-26,420,0.0
2023-09-27,320,0.0
2023-09-28,553,0.2
2023-09-29,545,7.2
2023-09-30,271,0.0
2023-10-01,343,0.0
2023-10-02,542,16.400000000000002
2023-10-03,388,2.2
2023-10-04,333,0.0
2023-10-05,304,4.2
2023-10-06,482,2.8
2023-10-07,700,23.6
2023-10-08,336,4.8
2023-10-09,539,1.2000000000000002
2023-10-10,461,0.0
2023-10-11,346,0.0
2023-10-12,326,0.0
2023-10-13,557,0.4
2023-10-14,326,0.0
2023-10-15,223,0.0
2023-10-16,297,0.0
2023-10-17,508,0.0
2023-10-18,346,0.0
2023-10-19,290,0.0
2023-10-20,369,0.6
2023-10-21,746,14.0
2023-10-22,452,0.2
2023-10-23,398,0.0
2023-10-24,358,0.7999999999999999
2023-10-25,300,0.0
2023-10-26,288,0.8
2023-10-27,347,25.0
2023-10-28,466,2.4
2023-10-29,389,3.0
2023-10-30,338,0.0
2023-10-31,842,23.8
2023-11-01,595,1.2
2023-11-02,551,1.2
2023-11-03,589,0.6000000000000001
2023-11-04,652,2.2
2023-11-05,328,6.8
2023-11-06,371,0.0
2023-11-07,271,0.0
2023-11-08,272,0.0
2023-11-09,298,0.0
2023-11-10,254,0.0
2023-11-11,238,0.0
2023-11-12,218,0.0
2023-11-13,360,0.0
2023-11-14,329,0.0
2023-11-15,295,0.0
2023-11-16,518,0.0
2023-11-17,335,0.0
2023-11-18,293,1.2000000000000002
2023-11-19,301,0.6
2023-11-20,499,11.8
2023-11-21,397,23.4
2023-11-22,454,5.4
2023-11-23,604,0.4
2023-11-24,430,4.2
2023-11-25,476,18.4
2023-11-26,307,4.8
2023-11-27,693,22.0
2023-11-28,339,0.0
2023-11-29,305,0.0
2023-11-30,525,0.0
2023-12-01,485,1.6
2023-12-02,311,5.2
2023-12-03,383,9.8
2023-12-04,327,3.6
2023-12-05,539,3.2
2023-12-06,355,0.0
2023-12-07,340,0.0
2023-12-08,248,0.0
2023-12-09,217,0.0
2023-12-10,151,0.0
2023-12-11,341,0.0
2023-12-12,401,0.0
2023-12-13,281,0.6000000000000001
2023-12-14,144,0.0
2023-12-15,179,0.0
2023-12-16,218,0.0
2023-12-17,236,1.7999999999999998
2023-12-18,316,2.2
2023-12-19,245,6.8
2023-12-20,379,3.6
2023-12-21,561,25.2
2023-12-22,314,8.2
2023-12-23,301,4.0
2023-12-24,395,11.4
2023-12-25,347,3.8
2023-12-26,624,9.8
2023-12-27,475,0.0
2023-12-28,345,0.6000000000000001
2023-12-29,482,0.0
2023-12-30,504,2.8
2023-12-31,469,21.6
2024-01-01,295,35.6
2024-01-02,338,23.2
2024-01-03,505,48.8
2024-01-04,376,7.6
2024-01-05,387,2.4
2024-01-06,293,0.0
2024-01-07,407,51.60000000000001
2024-01-08,455,2.4
2024-01-09,364,12.8
2024-01-10,301,15.6
2024-01-11,358,1.0
2024-01-12,369,0.0
2024-01-13,296,18.2
2024-01-14,300,11.4
2024-01-15,355,0.2
2024-01-16,341,2.8000000000000003
2024-01-17,295,0.0
2024-01-18,297,0.0
2024-01-19,311,0.0
2024-01-20,190,0.0
2024-01-21,469,7.0
2024-01-22,450,0.4
2024-01-23,322,0.0
2024-01-24,339,4.4
2024-01-25,292,2.6000000000000005
2024-01-26,316,43.2
2024-01-27,262,9.8
2024-01-28,228,1.4
2024-01-29,301,0.0
2024-01-30,301,15.2
2024-01-31,354,2.0
2024-02-01,368,2.8
2024-02-02,315,0.2
2024-02-03,248,0.0
2024-02-04,151,0.0
2024-02-05,259,0.6
2024-02-06,411,0.2
2024-02-07,296,0.0
2024-02-08,330,10.2
2024-02-09,539,13.4
2024-02-10,470,13.4
2024-02-11,274,16.6
2024-02-12,342,1.2000000000000002
2024-02-13,208,0.0
2024-02-14,286,0.0
2024-02-15,354,2.0
2024-02-16,345,8.2
2024-02-17,392,9.2
2024-02-18,323,6.2
2024-02-19,361,0.8
2024-02-20,347,11.2
2024-02-21,332,2.4
2024-02-22,285,0.0
2024-02-23,302,7.0
2024-02-24,252,0.0
2024-02-25,223,0.0
2024-02-26,261,0.0
2024-02-27,221,0.0
2024-02-28,248,0.0
2024-02-29,259,0.0
2024-03-01,295,0.0
2024-03-02,435,0.4
2024-03-03,307,1.0
2024-03-04,319,3.0
2024-03-05,297,1.4
2024-03-06,384,0.0
2024-03-07,251,7.2
2024-03-08,178,0.0
2024-03-09,217,0.0
2024-03-10,294,19.8
2024-03-11,294,3.2
2024-03-12,312,0.0
2024-03-13,575,1.4
2024-03-14,321,10.8
2024-03-15,280,0.0
2024-03-16,191,0.0
2024-03-17,153,0.0
2024-03-18,322,8.6
2024-03-19,330,0.2
2024-03-20,295,0.0
2024-03-21,292,0.0
2024-03-22,272,1.0
2024-03-23,272,20.0
2024-03-24,223,0.0
2024-03-25,270,34.4
2024-03-26,252,0.2
2024-03-27,279,0.8
2024-03-28,424,3.8
2024-03-29,169,0.0
2024-03-30,307,0.0
2024-03-31,254,0.2
2024-04-01,286,0.0
2024-04-02,397,70.2
2024-04-03,333,0.4
2024-04-04,304,14.2
2024-04-05,306,3.6
2024-04-06,217,0.2
2024-04-07,151,0.0
2024-04-08,227,0.0
2024-04-09,250,0.0
2024-04-10,264,0.0
2024-04-11,281,13.4
2024-04-12,285,11.2
2024-04-13,241,0.0
2024-04-14,178,0.0
2024-04-15,208,0.0
2024-04-16,238,0.0
2024-04-17,208,0.0
2024-04-18,206,0.0
2024-04-19,246,0.0
2024-04-20,153,0.0
2024-04-21,147,0.0
2024-04-22,174,16.6
2024-04-23,186,0.0
2024-04-24,219,0.6000000000000001
2024-04-25,534,0.0
2024-04-26,197,0.0
2024-04-27,164,0.0
2024-04-28,111,0.0
2024-04-29,201,0.0
2024-04-30,216,0.0
2024-05-01,190,0.0
2024-05-02,208,0.0
2024-05-03,206,0.0
2024-05-04,183,0.0
2024-05-05,128,0.0
2024-05-06,221,0.0
2024-05-07,226,0.0
2024-05-08,186,0.0
2024-05-09,182,0.0
2024-05-10,188,0.0
2024-05-11,182,0.0
2024-05-12,147,0.0
2024-05-13,191,0.0
2024-05-14,183,0.0
2024-05-15,183,0.0
2024-05-16,213,0.0
2024-05-17,224,0.0
2024-05-18,165,0.0
2024-05-19,137,0.0
2024-05-20,199,0.0
2024-05-21,226,0.0
2024-05-22,202,0.0
2024-05-23,152,0.0
2024-05-24,240,0.0
2024-05-25,162,0.0
2024-05-26,119,0.0
2024-05-27,178,0.0
2024-05-28,225,0.0
2024-05-29,220,0.0
2024-05-30,187,0.0
2024-05-31,218,0.0
2024-06-01,220,0.0
2024-06-02,153,0.0
2024-06-03,229,0.0
2024-06-04,194,0.0
2024-06-05,204,0.0
2024-06-06,164,0.0
2024-06-07,201,0.0
2024-06-08,198,0.0
2024-06-09,126,0.0
2024-06-10,163,0.0
2024-06-11,221,0.0
2024-06-12,207,0.0
2024-06-13,203,0.0
2024-06-14,150,0.0
2024-06-15,146,0.0
2024-06-16,176,0.0
2024-06-17,209,0.0
2024-06-18,175,0.0
2024-06-19,171,0.0
2024-06-20,179,0.0
2024-06-21,186,0.0
2024-06-22,176,0.0
2024-06-23,153,0.0
2024-06-24,213,0.0
2024-06-25,217,0.0
2024-06-26,245,0.0
2024-06-27,203,0.0
2024-06-28,228,0.0
2024-06-29,178,0.0
2024-06-30,133,0.0
2024-07-01,219,0.0
2024-07-02,159,0.0
2024-07-03,183,0.0
2024-07-04,190,0.0
2024-07-05,189,0.0
2024-07-06,147,0.0
2024-07-07,158,0.0
2024-07-08,190,0.0
2024-07-09,207,0.0
2024-07-10,256,0.0
2024-07-11,174,0.0
2024-07-12,177,0.0
2024-07-13,167,0.0
2024-07-14,134,0.0
2024-07-15,179,0.0
2024-07-16,188,0.0
2024-07-17,187,0.0
2024-07-18,226,0.0
2024-07-19,173,0.0
2024-07-20,187,0.0
2024-07-21,156,0.0
2024-07-22,198,0.0
2024-07-23,230,0.0
2024-07-24,252,0.0
2024-07-25,206,0.0
2024-07-26,173,0.0
2024-07-27,185,0.0
2024-07-28,156,0.0
2024-07-29,200,0.0
2024-07-30,244,0.0
2024-07-31,184,0.0
2024-08-01,265,0.0
2024-08-02,197,0.0
2024-08-03,195,0.0
2024-08-04,169,0.0
2024-08-05,215,0.0
2024-08-06,165,0.0
2024-08-07,205,0.0
2024-08-08,245,0.0
2024-08-09,313,0.0
2024-08-10,194,0.0
2024-08-11,191,0.0
2024-08-12,259,0.0
2024-08-13,260,0.0
2024-08-14,221,0.0
2024-08-15,249,0.0
2024-08-16,455,0.0
2024-08-17,185,0.0
2024-08-18,172,0.0
2024-08-19,199,0.0
2024-08-20,274,0.0
2024-08-21,238,0.0
2024-08-22,197,0.0
2024-08-23,214,0.0
2024-08-24,264,0.0
2024-08-25,183,0.0
2024-08-26,247,0.0
2024-08-27,220,0.0
2024-08-28,225,0.0
2024-08-29,228,0.0
2024-08-30,191,0.0
2024-08-31,178,0.0
2024-09-01,229,0.0
2024-09-02,215,0.0
2024-09-03,279,0.0
2024-09-04,268,0.0
2024-09-05,217,0.0
2024-09-06,224,0.0
2024-09-07,252,0.0
2024-09-08,274,0.0
2024-09-09,225,0.0
2024-09-10,237,0.0
2024-09-11,251,0.0
2024-09-12,233,0.0
2024-09-13,211,0.0
2024-09-14,180,0.0
2024-09-15,162,0.0
2024-09-16,265,0.0
2024-09-17,241,0.0
2024-09-18,314,0.0
2024-09-19,207,0.0
2024-09-20,245,0.0
2024-09-21,185,0.0
2024-09-22,144,0.0
2024-09-23,210,0.0
2024-09-24,189,0.0
2024-09-25,269,0.0
2024-09-26,221,0.0
2024-09-27,230,0.0
2024-09-28,356,0.0
2024-09-29,225,0.0
2024-09-30,273,0.0
2024-10-01,252,0.0
2024-10-02,219,0.0
2024-10-03,238,0.0
2024-10-04,278,0.0
2024-10-05,289,0.0
2024-10-06,203,0.0
2024-10-07,514,0.0
2024-10-08,636,0.0
2024-10-09,529,0.0
2024-10-10,1059,1.0
2024-10-11,1127,5.0
2024-10-12,682,1.6
2024-10-13,367,0.0
2024-10-14,521,59.6
2024-10-15,389,3.0
2024-10-16,471,36.6
2024-10-17,506,31.4
2024-10-18,533,31.2
2024-10-19,470,3.2
2024-10-20,353,0.2
2024-10-21,391,3.2
2024-10-22,482,43.6
2024-10-23,489,1.6
2024-10-24,491,10.4
2024-10-25,521,21.200000000000003
2024-10-26,264,0.2
2024-10-27,433,7.0
2024-10-28,327,0.0
2024-10-29,362,3.8
2024-10-30,316,2.6
2024-10-31,265,2.4
2024-11-01,228,0.2
2024-11-02,272,0.2
2024-11-03,210,0.0
2024-11-04,344,0.0
2024-11-05,469,44.8
2024-11-06,338,0.0
2024-11-07,358,5.2
2024-11-08,515,7.8
2024-11-09,335,0.0
2024-11-10,257,9.4
2024-11-11,378,5.4
2024-11-12,306,10.6
2024-11-13,310,6.8
2024-11-14,308,24.6
2024-11-15,351,35.6
2024-11-16,343,2.8000000000000003
2024-11-17,288,6.0
2024-11-18,432,2.6
2024-11-19,465,43.4
2024-11-20,335,8.8
2024-11-21,638,2.2
2024-11-22,533,13.2
2024-11-23,427,0.2
2024-11-24,305,8.2
2024-11-25,342,0.0
2024-11-26,441,0.0
2024-11-27,281,4.2
2024-11-28,325,0.0
2024-11-29,282,0.0
2024-11-30,232,0.0
2024-12-01,272,0.0
2024-12-02,326,0.2
2024-12-03,346,25.4
2024-12-04,295,24.200000000000003
2024-12-05,312,3.6
2024-12-06,468,0.0
2024-12-07,249,0.0
2024-12-08,302,0.0
2024-12-09,370,3.4000000000000004
2024-12-10,459,0.6
2024-12-11,404,0.0
2024-12-12,328,14.8
2024-12-13,399,2.0
2024-12-14,481,0.8
2024-12-15,369,12.2
2024-12-16,439,0.8
2024-12-17,401,8.0
2024-12-18,321,0.2
2024-12-19,581,0.2
2024-12-20,376,6.0
2024-12-21,420,3.2
2024-12-22,299,20.6
2024-12-23,359,7.200000000000001
2024-12-24,615,28.8
2024-12-25,380,2.0
2024-12-26,440,11.2
2024-12-27,419,7.8
2024-12-28,255,10.4
2024-12-29,267,19.0
2024-12-30,520,2.0
2024-12-31,443,0.0
2025-01-01,255,0.0
2025-01-02,311,0.0
2025-01-03,309,0.0
2025-01-04,279,0.0
2025-01-05,343,1.6
2025-01-06,453,7.0
2025-01-07,356,0.0
2025-01-08,374,2.8
2025-01-09,409,25.6
2025-01-10,348,17.0
2025-01-11,289,0.8
2025-01-12,252,22.0
2025-01-13,346,9.4
2025-01-14,419,17.6
2025-01-15,374,3.4
2025-01-16,316,11.2
2025-01-17,338,10.0
2025-01-18,305,6.8
2025-01-19,313,15.2
2025-01-20,358,12.8
2025-01-21,398,18.6
2025-01-22,734,0.0
2025-01-23,1017,6.8
2025-01-24,550,0.0
2025-01-25,340,0.0
2025-01-26,247,0.0
2025-01-27,357,0.0
2025-01-28,334,0.0
2025-01-29,483,0.0
2025-01-30,366,3.6
2025-01-31,474,6.4
2025-02-01,290,4.2
2025-02-02,333,25.2
2025-02-03,289,4.4
2025-02-04,346,0.0
2025-02-05,269,0.4
2025-02-06,228,0.0
2025-02-07,199,0.0
2025-02-08,289,0.0
2025-02-09,219,0.0
2025-02-10,275,3.0
2025-02-11,384,13.0
2025-02-12,319,1.4
2025-02-13,310,0.0
2025-02-14,297,0.0
2025-02-15,325,29.0
2025-02-16,281,13.0
2025-02-17,350,2.6
2025-02-18,285,0.0
2025-02-19,273,0.0
2025-02-20,251,0.0
2025-02-21,237,0.0
2025-02-22,220,0.0
2025-02-23,156,0.0
2025-02-24,374,0.0
2025-02-25,378,1.6
2025-02-26,305,0.0
2025-02-27,302,0.0
2025-02-28,227,0.0
2025-03-01,287,0.0
2025-03-02,189,0.0
2025-03-03,206,0.0
2025-03-04,273,0.0
2025-03-05,321,0.0
2025-03-06,270,0.0
2025-03-07,323,0.0
2025-03-08,182,0.0
2025-03-09,156,0.0
2025-03-10,257,0.0
2025-03-11,341,0.0
2025-03-12,380,0.2
2025-03-13,405,14.0
2025-03-14,1022,38.4
2025-03-15,418,20.0
2025-03-16,192,0.0
2025-03-17,272,0.0
2025-03-18,319,0.0
2025-03-19,388,0.0
2025-03-20,440,28.0
2025-03-21,365,0.0
2025-03-22,347,10.2
2025-03-23,294,2.4000000000000004
2025-03-24,328,0.2
2025-03-25,323,0.4
2025-03-26,351,0.4
2025-03-27,320,6.6000000000000005
2025-03-28,297,0.0
2025-03-29,261,0.0
2025-03-30,214,0.0
2025-03-31,252,0.0
2025-04-01,206,0.0
2025-04-02,230,0.0
2025-04-03,266,0.0
2025-04-04,239,0.4
2025-04-05,288,0.8
2025-04-06,174,0.0
2025-04-07,276,0.0
2025-04-08,246,0.0
2025-04-09,349,6.8
2025-04-10,346,11.2
2025-04-11,339,0.2
2025-04-12,246,4.0
2025-04-13,241,0.0
2025-04-14,374,34.6
2025-04-15,314,1.6
2025-04-16,237,0.0
2025-04-17,375,2.0
2025-04-18,370,2.6
2025-04-19,288,6.8
2025-04-20,145,0.0
2025-04-21,242,0.0
2025-04-22,321,0.2
2025-04-23,241,0.0
2025-04-24,271,0.0
2025-04-25,322,1.2
2025-04-26,330,0.2
2025-04-27,297,4.6
2025-04-28,376,0.8
2025-04-29,355,0.2
2025-04-30,310,0.0
2025-05-01,224,0.4
2025-05-02,269,0.0
2025-05-03,244,0.0
2025-05-04,182,0.0
2025-05-05,189,0.0
2025-05-06,195,0.0
2025-05-07,192,0.0
2025-05-08,271,0.0
2025-05-09,234,0.0
2025-05-10,192,0.0
2025-05-11,126,0.0
2025-05-12,243,0.0
2025-05-13,237,0.0
2025-05-14,223,0.0
2025-05-15,258,0.0
2025-05-16,220,0.0
2025-05-17,237,0.0
2025-05-18,233,0.0
2025-05-19,358,0.0
2025-05-20,241,0.0
2025-05-21,255,0.0
2025-05-22,257,0.0
2025-05-23,222,1.2
2025-05-24,232,0.0
2025-05-25,194,0.0
2025-05-26,242,0.0
2025-05-27,219,0.0
2025-05-28,286,0.0
2025-05-29,193,0.0
2025-05-30,268,0.0
2025-05-31,206,0.0
