data,interrupcoes,temperatura_media
2017-01-01,116,22.870833333333334
2017-01-02,186,23.5
2017-01-03,231,23.8375
2017-01-04,350,21.65416666666667
2017-01-05,305,22.445833333333336
2017-01-06,201,24.35
2017-01-07,154,24.979166666666668
2017-01-08,146,25.45
2017-01-09,214,24.6875
2017-01-10,196,24.3625
2017-01-11,309,22.933333333333334
2017-01-12,365,21.683333333333334
2017-01-13,425,20.4625
2017-01-14,299,21.125
2017-01-15,215,21.133333333333333
2017-01-16,379,20.95833333333333
2017-01-17,252,19.9125
2017-01-18,282,20.7625
2017-01-19,266,19.404166666666665
2017-01-20,246,22.308333333333334
2017-01-21,202,22.54583333333333
2017-01-22,162,20.825
2017-01-23,257,20.5375
2017-01-24,248,20.679166666666667
2017-01-25,235,21.8125
2017-01-26,268,21.29583333333333
2017-01-27,219,21.70833333333333
2017-01-28,189,23.85833333333333
2017-01-29,160,23.65833333333333
2017-01-30,190,23.454166666666666
2017-01-31,193,23.4
2017-02-01,268,21.89583333333333
2017-02-02,307,20.83333333333333
2017-02-03,251,21.7
2017-02-04,301,20.7
2017-02-05,224,20.8625
2017-02-06,343,20.883333333333333
2017-02-07,305,22.054166666666664
2017-02-08,285,20.941666666666663
2017-02-09,262,21.77083333333333
2017-02-10,235,20.84583333333333
2017-02-11,161,20.08333333333333
2017-02-12,176,20.304166666666667
2017-02-13,225,20.129166666666663
2017-02-14,243,21.154166666666665
2017-02-15,236,22.03333333333333
2017-02-16,177,21.0875
2017-02-17,173,21.79583333333333
2017-02-18,148,23.0375
2017-02-19,104,22.754166666666663
2017-02-20,182,22.7125
2017-02-21,150,21.916666666666668
2017-02-22,114,22.6
2017-02-23,194,22.870833333333334
2017-02-24,291,21.35833333333333
2017-02-25,252,20.425
2017-02-26,218,19.0625
2017-02-27,248,20.5
2017-02-28,198,20.57916666666667
2017-03-01,193,20.55
2017-03-02,173,21.15833333333333
2017-03-03,160,21.975
2017-03-04,129,22.625
2017-03-05,116,21.370833333333334
2017-03-06,169,23.1625
2017-03-07,170,24.625
2017-03-08,179,24.0875
2017-03-09,130,24.616666666666664
2017-03-10,137,23.8
2017-03-11,107,23.7875
2017-03-12,114,23.925
2017-03-13,123,22.666666666666668
2017-03-14,355,20.941666666666663
2017-03-15,289,20.9875
2017-03-16,221,21.329166666666666
2017-03-17,159,22.27083333333333
2017-03-18,227,21.70833333333333
2017-03-19,143,20.079166666666666
2017-03-20,213,20.320833333333333
2017-03-21,201,20.83333333333333
2017-03-22,156,21.6375
2017-03-23,159,23.1875
2017-03-24,116,22.95833333333333
2017-03-25,126,22.566666666666663
2017-03-26,189,22.679166666666664
2017-03-27,214,21.929166666666664
2017-03-28,258,21.35833333333333
2017-03-29,257,20.3875
2017-03-30,257,20.004166666666663
2017-03-31,277,21.766666666666666
2017-04-01,170,21.9375
2017-04-02,129,21.1625
2017-04-03,149,21.704166666666666
2017-04-04,170,21.79583333333333
2017-04-05,169,22.433333333333334
2017-04-06,273,22.479166666666668
2017-04-07,142,22.916666666666668
2017-04-08,130,22.85
2017-04-09,119,23.241666666666664
2017-04-10,170,22.379166666666663
2017-04-11,131,22.258333333333336
2017-04-12,144,22.7375
2017-04-13,135,23.6375
2017-04-14,63,23.25
2017-04-15,78,22.5125
2017-04-16,113,22.79583333333333
2017-04-17,134,22.8875
2017-04-18,146,23.125
2017-04-19,123,22.9875
2017-04-20,136,22.89583333333333
2017-04-21,154,21.09583333333333
2017-04-22,91,22.025
2017-04-23,69,21.52916666666667
2017-04-24,178,21.941666666666663
2017-04-25,174,22.575
2017-04-26,176,21.8875
2017-04-27,192,22.0
2017-04-28,131,21.7875
2017-04-29,125,22.691666666666663
2017-04-30,137,21.933333333333334
2017-05-01,92,20.129166666666663
2017-05-02,141,19.8875
2017-05-03,145,19.6
2017-05-04,120,20.966666666666665
2017-05-05,112,21.058333333333334
2017-05-06,111,20.775
2017-05-07,120,21.3875
2017-05-08,182,21.3625
2017-05-09,102,21.666666666666668
2017-05-10,147,20.85833333333333
2017-05-11,146,20.666666666666668
2017-05-12,139,21.479166666666668
2017-05-13,111,21.2875
2017-05-14,104,21.041666666666668
2017-05-15,138,21.15833333333333
2017-05-16,162,21.78333333333333
2017-05-17,222,21.383333333333336
2017-05-18,250,20.85833333333333
2017-05-19,151,21.204166666666666
2017-05-20,215,19.354166666666668
2017-05-21,144,19.691666666666663
2017-05-22,135,21.97083333333333
2017-05-23,122,22.0875
2017-05-24,143,22.066666666666663
2017-05-25,111,21.179166666666667
2017-05-26,133,20.775
2017-05-27,90,20.254166666666663
2017-05-28,77,20.09583333333333
2017-05-29,101,20.64583333333333
2017-05-30,134,21.14166666666667
2017-05-31,147,20.90833333333333
2017-06-01,107,21.1375
2017-06-02,126,21.4125
2017-06-03,103,21.8625
2017-06-04,77,22.391666666666666
2017-06-05,144,21.8
2017-06-06,118,21.570833333333336
2017-06-07,120,20.791666666666668
2017-06-08,138,20.904166666666665
2017-06-09,131,20.445833333333333
2017-06-10,84,19.675
2017-06-11,169,19.92083333333333
2017-06-12,180,21.0875
2017-06-13,143,20.954166666666666
2017-06-14,130,21.004166666666663
2017-06-15,110,20.20833333333333
2017-06-16,118,19.566666666666663
2017-06-17,98,18.979166666666668
2017-06-18,95,19.004166666666663
2017-06-19,102,18.804166666666667
2017-06-20,132,19.75
2017-06-21,165,19.454166666666666
2017-06-22,155,17.675
2017-06-23,124,17.712500000000002
2017-06-24,147,17.733333333333334
2017-06-25,83,17.620833333333334
2017-06-26,188,17.220833333333335
2017-06-27,179,18.166666666666668
2017-06-28,125,18.475
2017-06-29,128,18.029166666666665
2017-06-30,186,18.425
2017-07-01,110,19.745833333333334
2017-07-02,149,18.15833333333333
2017-07-03,159,16.525000000000002
2017-07-04,202,15.2875
2017-07-05,147,14.720833333333331
2017-07-06,124,15.429166666666667
2017-07-07,139,17.25
2017-07-08,126,17.216666666666665
2017-07-09,120,16.870833333333334
2017-07-10,139,16.900000000000002
2017-07-11,158,17.904166666666665
2017-07-12,138,18.891666666666666
2017-07-13,155,18.691666666666663
2017-07-14,175,17.925
2017-07-15,150,17.7
2017-07-16,111,17.8625
2017-07-17,161,18.016666666666666
2017-07-18,139,17.379166666666666
2017-07-19,134,17.087500000000002
2017-07-20,152,19.933333333333334
2017-07-21,156,19.266666666666666
2017-07-22,120,19.716666666666665
2017-07-23,90,19.866666666666667
2017-07-24,121,17.679166666666667
2017-07-25,138,18.20833333333333
2017-07-26,188,17.304166666666667
2017-07-27,149,16.583333333333332
2017-07-28,298,17.3875
2017-07-29,189,18.254166666666663
2017-07-30,126,16.675
2017-07-31,130,16.054166666666667
2017-08-01,134,18.041666666666668
2017-08-02,147,18.579166666666666
2017-08-03,185,19.491666666666667
2017-08-04,159,20.154166666666665
2017-08-05,156,20.15833333333333
2017-08-06,123,20.166666666666668
2017-08-07,162,21.08333333333333
2017-08-08,144,21.454166666666666
2017-08-09,145,22.40833333333333
2017-08-10,128,22.4625
2017-08-11,134,22.925
2017-08-12,94,22.804166666666664
2017-08-13,76,22.52916666666667
2017-08-14,160,21.98333333333333
2017-08-15,142,23.066666666666663
2017-08-16,184,22.508333333333336
2017-08-17,127,22.29583333333333
2017-08-18,172,22.808333333333334
2017-08-19,181,24.016666666666666
2017-08-20,117,24.45
2017-08-21,165,23.35
2017-08-22,212,22.225
2017-08-23,146,20.258333333333333
2017-08-24,109,19.945833333333333
2017-08-25,84,20.3125
2017-08-26,115,21.0125
2017-08-27,95,22.454166666666666
2017-08-28,188,22.354166666666668
2017-08-29,154,22.7375
2017-08-30,160,23.35
2017-08-31,124,23.42083333333333
2017-09-01,174,23.67083333333333
2017-09-02,103,21.27083333333333
2017-09-03,101,20.341666666666665
2017-09-04,136,19.445833333333333
2017-09-05,172,20.275
2017-09-06,136,21.9
2017-09-07,80,23.004166666666663
2017-09-08,136,23.370833333333334
2017-09-09,132,22.54583333333333
2017-09-10,88,22.84583333333333
2017-09-11,153,23.383333333333336
2017-09-12,132,22.825
2017-09-13,122,21.95
2017-09-14,137,22.34166666666667
2017-09-15,115,22.6
2017-09-16,116,22.09166666666667
2017-09-17,79,21.629166666666663
2017-09-18,128,22.4625
2017-09-19,137,22.745833333333334
2017-09-20,122,23.15
2017-09-21,126,21.829166666666666
2017-09-22,140,19.883333333333333
2017-09-23,86,22.366666666666664
2017-09-24,107,22.7875
2017-09-25,117,22.95
2017-09-26,100,22.616666666666664
2017-09-27,647,19.7625
2017-09-28,686,18.9375
2017-09-29,257,22.8125
2017-09-30,318,20.883333333333333
2017-10-01,260,21.95833333333333
2017-10-02,385,22.20833333333333
2017-10-03,436,16.904166666666665
2017-10-04,197,20.183333333333334
2017-10-05,227,23.48333333333333
2017-10-06,156,24.72083333333333
2017-10-07,138,24.53333333333333
2017-10-08,132,25.7125
2017-10-09,268,26.495833333333334
2017-10-10,169,26.304166666666664
2017-10-11,130,25.866666666666664
2017-10-12,103,25.8875
2017-10-13,212,26.079166666666666
2017-10-14,170,26.59166666666667
2017-10-15,135,28.475
2017-10-16,187,27.704166666666666
2017-10-17,168,25.808333333333334
2017-10-18,124,24.78333333333333
2017-10-19,157,25.133333333333336
2017-10-20,151,25.45
2017-10-21,196,26.808333333333334
2017-10-22,284,26.54583333333333
2017-10-23,158,24.20833333333333
2017-10-24,162,25.6125
2017-10-25,131,25.92083333333333
2017-10-26,169,26.05
2017-10-27,209,24.141666666666666
2017-10-28,172,22.541666666666668
2017-10-29,327,21.77916666666667
2017-10-30,306,22.09583333333333
2017-10-31,352,22.008333333333336
2017-11-01,215,20.329166666666666
2017-11-02,276,20.925
2017-11-03,245,22.29583333333333
2017-11-04,317,23.0625
2017-11-05,207,21.245833333333334
2017-11-06,125,22.570833333333336
2017-11-07,241,22.15833333333333
2017-11-08,516,19.45833333333333
2017-11-09,250,19.54583333333333
2017-11-10,165,19.8
2017-11-11,250,19.85
2017-11-12,183,20.64583333333333
2017-11-13,254,22.7625
2017-11-14,191,23.7125
2017-11-15,170,22.383333333333336
2017-11-16,160,23.0125
2017-11-17,385,20.570833333333333
2017-11-18,208,20.6625
2017-11-19,200,21.1625
2017-11-20,170,22.566666666666663
2017-11-21,272,21.78333333333333
2017-11-22,212,22.3375
2017-11-23,194,23.054166666666664
2017-11-24,146,21.6625
2017-11-25,159,22.729166666666668
2017-11-26,500,20.4
2017-11-27,324,21.104166666666668
2017-11-28,271,22.254166666666663
2017-11-29,314,21.379166666666663
2017-11-30,350,19.4375
2017-12-01,272,19.504166666666663
2017-12-02,160,19.629166666666663
2017-12-03,140,20.98333333333333
2017-12-04,159,23.179166666666664
2017-12-05,211,21.879166666666663
2017-12-06,188,21.9
2017-12-07,276,21.625
2017-12-08,196,21.925
2017-12-09,153,21.575
2017-12-10,141,20.058333333333334
2017-12-11,218,19.9375
2017-12-12,219,19.45
2017-12-13,223,20.1875
2017-12-14,244,19.5125
2017-12-15,270,19.304166666666667
2017-12-16,174,18.979166666666668
2017-12-17,159,19.90833333333333
2017-12-18,284,20.829166666666666
2017-12-19,217,22.316666666666663
2017-12-20,213,23.75
2017-12-21,218,23.7625
2017-12-22,271,22.291666666666668
2017-12-23,237,21.229166666666668
2017-12-24,361,21.29583333333333
2017-12-25,323,21.7
2017-12-26,309,22.745833333333334
2017-12-27,284,24.3625
2017-12-28,270,24.541666666666668
2017-12-29,266,23.21666666666667
2017-12-30,309,20.85
2017-12-31,222,22.15
2018-01-01,252,21.570833333333336
2018-01-02,355,21.066666666666663
2018-01-03,370,
2018-01-04,270,24.842857142857145
2018-01-05,278,20.179166666666667
2018-01-06,176,19.425
2018-01-07,166,20.39583333333333
2018-01-08,326,20.29583333333333
2018-01-09,284,21.7125
2018-01-10,302,22.891666666666666
2018-01-11,275,22.8875
2018-01-12,194,21.475
2018-01-13,228,20.1875
2018-01-14,195,19.204166666666666
2018-01-15,269,20.09583333333333
2018-01-16,213,22.3
2018-01-17,212,23.179166666666664
2018-01-18,228,23.03333333333333
2018-01-19,208,22.90833333333333
2018-01-20,175,24.2125
2018-01-21,110,24.075
2018-01-22,213,24.425
2018-01-23,180,24.5625
2018-01-24,204,24.6625
2018-01-25,305,21.416666666666668
2018-01-26,305,21.0625
2018-01-27,164,20.916666666666668
2018-01-28,238,21.308333333333334
2018-01-29,225,21.741666666666664
2018-01-30,251,22.21666666666667
2018-01-31,253,22.2625
2018-02-01,253,21.216666666666665
2018-02-02,206,21.325
2018-02-03,251,20.683333333333334
2018-02-04,249,17.979166666666668
2018-02-05,231,19.15
2018-02-06,226,20.466666666666665
2018-02-07,197,20.179166666666667
2018-02-08,171,21.14583333333333
2018-02-09,188,22.383333333333336
2018-02-10,227,21.0125
2018-02-11,115,22.229166666666668
2018-02-12,168,23.266666666666666
2018-02-13,96,23.695833333333336
2018-02-14,162,23.491666666666664
2018-02-15,155,22.70833333333333
2018-02-16,162,22.541666666666668
2018-02-17,131,23.34166666666667
2018-02-18,186,21.90833333333333
2018-02-19,355,20.70833333333333
2018-02-20,202,21.445833333333336
2018-02-21,235,20.9375
2018-02-22,374,19.741666666666667
2018-02-23,265,21.441666666666663
2018-02-24,264,21.35833333333333
2018-02-25,246,21.48333333333333
2018-02-26,298,20.883333333333333
2018-02-27,226,22.354166666666668
2018-02-28,190,22.8375
2018-03-01,176,22.6125
2018-03-02,171,21.729166666666668
2018-03-03,169,22.08333333333333
2018-03-04,280,23.15
2018-03-05,334,22.70833333333333
2018-03-06,204,22.8125
2018-03-07,190,22.3375
2018-03-08,260,21.2625
2018-03-09,308,20.85
2018-03-10,216,21.17083333333333
2018-03-11,207,20.4375
2018-03-12,272,22.0125
2018-03-13,198,22.78333333333333
2018-03-14,250,21.525
2018-03-15,221,22.03333333333333
2018-03-16,188,23.3
2018-03-17,190,22.204166666666666
2018-03-18,233,22.325
2018-03-19,225,23.254166666666663
2018-03-20,178,22.129166666666663
2018-03-21,267,21.84583333333333
2018-03-22,228,21.5
2018-03-23,196,21.641666666666666
2018-03-24,248,20.466666666666665
2018-03-25,155,21.85833333333333
2018-03-26,163,21.929166666666664
2018-03-27,176,21.92083333333333
2018-03-28,154,22.03333333333333
2018-03-29,169,21.941666666666663
2018-03-30,115,22.23333333333333
2018-03-31,122,22.125
2018-04-01,94,21.3375
2018-04-02,176,20.391666666666666
2018-04-03,221,21.620833333333334
2018-04-04,292,20.758333333333333
2018-04-05,264,21.2375
2018-04-06,226,20.825
2018-04-07,201,20.654166666666665
2018-04-08,196,19.666666666666668
2018-04-09,235,20.02083333333333
2018-04-10,204,20.60833333333333
2018-04-11,181,20.7875
2018-04-12,160,19.633333333333333
2018-04-13,141,20.383333333333333
2018-04-14,199,19.804166666666667
2018-04-15,136,20.5875
2018-04-16,270,20.516666666666666
2018-04-17,211,19.48333333333333
2018-04-18,161,18.33333333333333
2018-04-19,169,19.5875
2018-04-20,128,20.10833333333333
2018-04-21,134,19.979166666666668
2018-04-22,95,20.60833333333333
2018-04-23,135,20.5625
2018-04-24,136,21.14166666666667
2018-04-25,163,21.15
2018-04-26,135,21.058333333333334
2018-04-27,163,20.8
2018-04-28,131,21.65
2018-04-29,89,21.225
2018-04-30,130,20.879166666666663
2018-05-01,108,20.754166666666663
2018-05-02,129,20.041666666666668
2018-05-03,117,21.629166666666663
2018-05-04,122,21.6125
2018-05-05,107,21.125
2018-05-06,85,21.008333333333333
2018-05-07,120,20.754166666666663
2018-05-08,117,20.4625
2018-05-09,129,19.945833333333333
2018-05-10,166,19.67391304347826
2018-05-11,118,19.90833333333333
2018-05-12,95,19.979166666666668
2018-05-13,86,20.02083333333333
2018-05-14,115,20.366666666666667
2018-05-15,154,20.758333333333333
2018-05-16,167,19.90833333333333
2018-05-17,145,19.85833333333333
2018-05-18,179,21.14583333333333
2018-05-19,329,20.291666666666668
2018-05-20,220,17.070833333333333
2018-05-21,180,17.308333333333334
2018-05-22,134,18.7125
2018-05-23,154,19.5375
2018-05-24,113,20.258333333333333
2018-05-25,121,19.4
2018-05-26,83,18.808333333333334
2018-05-27,104,18.125
2018-05-28,146,17.579166666666666
2018-05-29,130,17.720833333333335
2018-05-30,101,17.958333333333332
2018-05-31,109,17.883333333333333
2018-06-01,106,17.883333333333333
2018-06-02,142,18.383333333333333
2018-06-03,88,18.925
2018-06-04,129,19.366666666666667
2018-06-05,128,20.058333333333334
2018-06-06,142,19.40833333333333
2018-06-07,135,20.695833333333333
2018-06-08,109,21.47083333333333
2018-06-09,188,20.916666666666668
2018-06-10,96,21.725
2018-06-11,154,20.70833333333333
2018-06-12,146,20.54583333333333
2018-06-13,131,20.666666666666668
2018-06-14,108,20.22083333333333
2018-06-15,113,19.566666666666663
2018-06-16,90,18.8375
2018-06-17,90,17.745833333333334
2018-06-18,124,18.166666666666668
2018-06-19,130,17.912499999999998
2018-06-20,106,18.95416666666667
2018-06-21,119,19.3
2018-06-22,84,19.004166666666663
2018-06-23,109,19.59583333333333
2018-06-24,69,18.33333333333333
2018-06-25,130,19.025
2018-06-26,128,20.133333333333333
2018-06-27,123,19.745833333333334
2018-06-28,127,19.495833333333334
2018-06-29,115,18.370833333333334
2018-06-30,111,17.870833333333334
2018-07-01,146,18.6125
2018-07-02,109,20.0125
2018-07-03,141,19.054166666666667
2018-07-04,120,18.745833333333334
2018-07-05,139,18.883333333333333
2018-07-06,130,18.3
2018-07-07,127,19.65
2018-07-08,96,19.591666666666665
2018-07-09,135,20.508333333333333
2018-07-10,119,20.133333333333333
2018-07-11,137,18.779166666666665
2018-07-12,148,19.0375
2018-07-13,153,19.84583333333333
2018-07-14,107,19.916666666666668
2018-07-15,84,19.58333333333333
2018-07-16,163,19.504166666666663
2018-07-17,133,19.091666666666665
2018-07-18,150,18.9375
2018-07-19,98,19.10833333333333
2018-07-20,143,19.379166666666663
2018-07-21,130,18.97083333333333
2018-07-22,115,19.320833333333333
2018-07-23,166,18.866666666666667
2018-07-24,144,18.204166666666666
2018-07-25,147,18.675
2018-07-26,155,18.70833333333333
2018-07-27,118,18.916666666666668
2018-07-28,131,20.0
2018-07-29,99,19.945833333333333
2018-07-30,127,20.816666666666663
2018-07-31,176,20.29583333333333
2018-08-01,123,21.3375
2018-08-02,146,22.25
2018-08-03,167,21.77916666666667
2018-08-04,181,22.14583333333333
2018-08-05,136,22.229166666666668
2018-08-06,139,22.3875
2018-08-07,101,21.97083333333333
2018-08-08,129,22.304166666666664
2018-08-09,279,21.241666666666667
2018-08-10,246,21.329166666666666
2018-08-11,142,22.42083333333333
2018-08-12,124,21.09583333333333
2018-08-13,138,21.416666666666668
2018-08-14,145,22.275
2018-08-15,126,22.52083333333333
2018-08-16,303,19.933333333333334
2018-08-17,170,18.129166666666663
2018-08-18,226,18.995833333333334
2018-08-19,193,20.1
2018-08-20,225,21.029166666666665
2018-08-21,156,21.2
2018-08-22,157,22.025
2018-08-23,109,22.90416666666667
2018-08-24,124,23.766666666666666
2018-08-25,138,22.933333333333334
2018-08-26,67,22.6625
2018-08-27,122,22.2125
2018-08-28,257,21.05
2018-08-29,165,20.816666666666663
2018-08-30,114,21.4875
2018-08-31,134,21.90416666666667
2018-09-01,120,23.054166666666664
2018-09-02,95,23.616666666666664
2018-09-03,144,23.47083333333333
2018-09-04,179,21.4125
2018-09-05,139,19.6375
2018-09-06,116,22.204166666666666
2018-09-07,90,23.508333333333336
2018-09-08,81,22.166666666666668
2018-09-09,63,22.35
2018-09-10,110,22.5
2018-09-11,115,22.84583333333333
2018-09-12,144,24.84166666666667
2018-09-13,113,25.245833333333334
2018-09-14,154,24.016666666666666
2018-09-15,150,21.425
2018-09-16,132,23.33333333333333
2018-09-17,500,20.591666666666665
2018-09-18,305,20.4625
2018-09-19,283,21.6875
2018-09-20,205,22.4
2018-09-21,214,21.35833333333333
2018-09-22,180,23.6125
2018-09-23,137,24.304166666666664
2018-09-24,189,25.8125
2018-09-25,171,25.541666666666668
2018-09-26,114,25.625
2018-09-27,119,25.1875
2018-09-28,122,25.54583333333333
2018-09-29,112,26.65833333333333
2018-09-30,132,25.675
2018-10-01,214,23.291666666666668
2018-10-02,156,22.245833333333334
2018-10-03,183,24.525
2018-10-04,188,25.09166666666667
2018-10-05,161,25.125
2018-10-06,165,23.8375
2018-10-07,146,22.479166666666668
2018-10-08,147,24.870833333333334
2018-10-09,205,23.004166666666663
2018-10-10,145,23.09583333333333
2018-10-11,156,25.3375
2018-10-12,126,26.8125
2018-10-13,98,27.008333333333336
2018-10-14,230,25.204166666666666
2018-10-15,222,22.375
2018-10-16,188,23.575
2018-10-17,296,22.579166666666666
2018-10-18,168,23.304166666666664
2018-10-19,369,20.870833333333334
2018-10-20,204,21.73333333333333
2018-10-21,224,20.7125
2018-10-22,250,20.29583333333333
2018-10-23,306,20.77083333333333
2018-10-24,208,21.73333333333333
2018-10-25,279,20.391666666666666
2018-10-26,291,22.34166666666667
2018-10-27,268,23.866666666666664
2018-10-28,174,23.6125
2018-10-29,404,21.133333333333333
2018-10-30,205,22.1625
2018-10-31,282,23.070833333333336
2018-11-01,365,20.92083333333333
2018-11-02,297,20.825
2018-11-03,258,20.366666666666667
2018-11-04,190,21.26666666666667
2018-11-05,152,21.90833333333333
2018-11-06,261,19.808333333333334
2018-11-07,242,19.841666666666665
2018-11-08,165,19.89583333333333
2018-11-09,235,19.379166666666663
2018-11-10,196,18.8625
2018-11-11,136,20.916666666666668
2018-11-12,240,22.15416666666667
2018-11-13,254,21.554166666666664
2018-11-14,187,22.45
2018-11-15,233,22.22083333333333
2018-11-16,344,20.95833333333333
2018-11-17,188,21.39583333333333
2018-11-18,129,22.745833333333334
2018-11-19,234,22.066666666666663
2018-11-20,205,20.404166666666665
2018-11-21,164,20.85
2018-11-22,214,20.08333333333333
2018-11-23,169,21.508333333333336
2018-11-24,170,19.375
2018-11-25,147,18.4375
2018-11-26,232,19.829166666666666
2018-11-27,175,20.883333333333333
2018-11-28,196,21.4875
2018-11-29,174,22.6
2018-11-30,155,21.64583333333333
2018-12-01,161,20.241666666666667
2018-12-02,167,20.2375
2018-12-03,139,19.65
2018-12-04,154,20.304166666666667
2018-12-05,243,21.820833333333336
2018-12-06,282,22.6
2018-12-07,260,22.10833333333333
2018-12-08,246,20.025
2018-12-09,208,19.39583333333333
2018-12-10,168,19.120833333333334
2018-12-11,201,21.204166666666666
2018-12-12,180,21.854166666666668
2018-12-13,158,20.991666666666667
2018-12-14,144,22.566666666666663
2018-12-15,153,22.258333333333336
2018-12-16,144,22.8125
2018-12-17,153,23.516666666666666
2018-12-18,165,23.65416666666667
2018-12-19,137,24.1125
2018-12-20,183,24.4125
2018-12-21,162,24.45
2018-12-22,455,22.77083333333333
2018-12-23,413,21.191666666666663
2018-12-24,396,20.7125
2018-12-25,234,21.1875
2018-12-26,260,22.166666666666668
2018-12-27,402,21.379166666666663
2018-12-28,271,20.866666666666667
2018-12-29,245,21.1
2018-12-30,136,22.504166666666663
2018-12-31,262,21.35833333333333
2019-01-01,177,20.52083333333333
2019-01-02,239,22.71666666666667
2019-01-03,197,24.34166666666667
2019-01-04,203,23.425
2019-01-05,335,20.866666666666667
2019-01-06,159,22.22083333333333
2019-01-07,233,22.67083333333333
2019-01-08,227,23.425
2019-01-09,230,22.7625
2019-01-10,248,21.2
2019-01-11,225,19.933333333333334
2019-01-12,227,21.33333333333333
2019-01-13,198,22.34166666666667
2019-01-14,204,23.454166666666666
2019-01-15,169,23.504166666666663
2019-01-16,158,24.02916666666667
2019-01-17,210,23.425
2019-01-18,178,22.491666666666664
2019-01-19,206,23.308333333333334
2019-01-20,169,23.820833333333336
2019-01-21,191,24.454166666666666
2019-01-22,183,25.2125
2019-01-23,172,25.65833333333333
2019-01-24,175,25.04583333333333
2019-01-25,205,22.495833333333334
2019-01-26,311,20.354166666666668
2019-01-27,258,19.8625
2019-01-28,254,22.945833333333336
2019-01-29,199,23.754166666666663
2019-01-30,221,23.95833333333333
2019-01-31,173,24.854166666666668
2019-02-01,183,24.6125
2019-02-02,112,25.445833333333336
2019-02-03,108,25.6625
2019-02-04,385,23.075
2019-02-05,590,21.2375
2019-02-06,357,20.8875
2019-02-07,307,21.23333333333333
2019-02-08,205,21.45
2019-02-09,306,21.775
2019-02-10,175,20.975
2019-02-11,240,22.254166666666663
2019-02-12,175,23.229166666666668
2019-02-13,174,23.45
2019-02-14,249,23.875
2019-02-15,227,22.3625
2019-02-16,226,21.791666666666668
2019-02-17,167,19.804166666666667
2019-02-18,246,19.39583333333333
2019-02-19,228,20.808333333333334
2019-02-20,165,22.195833333333336
2019-02-21,248,21.78333333333333
2019-02-22,283,23.2875
2019-02-23,247,22.683333333333334
2019-02-24,177,22.9125
2019-02-25,356,21.745833333333334
2019-02-26,199,22.558333333333334
2019-02-27,198,22.33333333333333
2019-02-28,196,20.875
2019-03-01,167,21.308333333333334
2019-03-02,163,20.683333333333334
2019-03-03,175,19.991666666666667
2019-03-04,196,19.716666666666665
2019-03-05,179,20.08333333333333
2019-03-06,198,20.1875
2019-03-07,195,21.42083333333333
2019-03-08,182,22.266666666666666
2019-03-09,171,23.441666666666663
2019-03-10,192,22.73333333333333
2019-03-11,199,21.28333333333333
2019-03-12,190,22.6125
2019-03-13,205,22.0375
2019-03-14,180,22.683333333333334
2019-03-15,240,23.8125
2019-03-16,251,23.304166666666664
2019-03-17,208,20.504166666666663
2019-03-18,226,22.14583333333333
2019-03-19,213,22.28333333333333
2019-03-20,212,22.78333333333333
2019-03-21,247,21.008333333333333
2019-03-22,232,21.254166666666663
2019-03-23,249,21.116666666666667
2019-03-24,124,21.6875
2019-03-25,187,21.35833333333333
2019-03-26,155,21.025
2019-03-27,144,21.0
2019-03-28,204,20.991666666666667
2019-03-29,145,22.054166666666664
2019-03-30,134,22.46666666666667
2019-03-31,120,22.445833333333336
2019-04-01,133,21.84583333333333
2019-04-02,162,22.39583333333333
2019-04-03,154,22.28333333333333
2019-04-04,220,21.83333333333333
2019-04-05,219,22.15
2019-04-06,180,21.0
2019-04-07,169,20.83333333333333
2019-04-08,232,19.67083333333333
2019-04-09,198,20.791666666666668
2019-04-10,216,21.59583333333333
2019-04-11,247,20.84583333333333
2019-04-12,209,21.85833333333333
2019-04-13,223,20.683333333333334
2019-04-14,128,21.35
2019-04-15,127,21.95833333333333
2019-04-16,169,21.570833333333336
2019-04-17,198,21.629166666666663
2019-04-18,165,21.504166666666663
2019-04-19,132,21.620833333333334
2019-04-20,149,21.9625
2019-04-21,215,21.70833333333333
2019-04-22,273,21.6625
2019-04-23,200,20.679166666666667
2019-04-24,354,21.183333333333334
2019-04-25,158,21.725
2019-04-26,169,21.570833333333336
2019-04-27,105,22.0875
2019-04-28,94,22.73333333333333
2019-04-29,149,22.320833333333336
2019-04-30,135,22.04583333333333
2019-05-01,121,20.67083333333333
2019-05-02,195,21.4875
2019-05-03,199,21.28333333333333
2019-05-04,139,22.058333333333334
2019-05-05,125,22.066666666666663
2019-05-06,135,22.14583333333333
2019-05-07,127,22.5375
2019-05-08,131,23.34166666666667
2019-05-09,126,22.320833333333336
2019-05-10,149,22.304166666666664
2019-05-11,80,22.21666666666667
2019-05-12,79,21.8875
2019-05-13,145,21.5
2019-05-14,133,21.195833333333333
2019-05-15,133,21.133333333333333
2019-05-16,183,18.95
2019-05-17,154,19.20833333333333
2019-05-18,111,19.291666666666668
2019-05-19,94,19.683333333333334
2019-05-20,140,20.070833333333333
2019-05-21,148,20.675
2019-05-22,126,20.83333333333333
2019-05-23,146,21.2125
2019-05-24,128,21.0125
2019-05-25,169,20.03333333333333
2019-05-26,79,20.75
2019-05-27,122,21.7375
2019-05-28,139,21.204166666666666
2019-05-29,231,21.058333333333334
2019-05-30,135,20.525
2019-05-31,148,21.279166666666665
2019-06-01,178,21.370833333333334
2019-06-02,126,22.34583333333333
2019-06-03,245,21.0125
2019-06-04,142,20.075
2019-06-05,119,18.4875
2019-06-06,133,18.4
2019-06-07,124,17.841666666666665
2019-06-08,88,18.2375
2019-06-09,112,19.054166666666667
2019-06-10,158,19.29583333333333
2019-06-11,145,18.48333333333333
2019-06-12,115,19.33333333333333
2019-06-13,147,19.72083333333333
2019-06-14,142,20.116666666666667
2019-06-15,123,18.89583333333333
2019-06-16,80,18.995833333333334
2019-06-17,108,18.558333333333334
2019-06-18,176,19.666666666666668
2019-06-19,180,19.39583333333333
2019-06-20,108,19.854166666666668
2019-06-21,173,19.04583333333333
2019-06-22,119,17.912499999999998
2019-06-23,72,18.475
2019-06-24,171,19.33333333333333
2019-06-25,125,19.229166666666668
2019-06-26,118,21.02083333333333
2019-06-27,112,20.27083333333333
2019-06-28,125,20.370833333333334
2019-06-29,95,18.6875
2019-06-30,93,19.175
2019-07-01,142,19.141666666666666
2019-07-02,147,19.10833333333333
2019-07-03,159,18.92083333333333
2019-07-04,186,19.64583333333333
2019-07-05,125,20.516666666666666
2019-07-06,109,18.866666666666667
2019-07-07,125,15.966666666666669
2019-07-08,152,17.504166666666666
2019-07-09,128,18.3
2019-07-10,120,17.120833333333334
2019-07-11,152,17.474999999999998
2019-07-12,128,18.925
2019-07-13,129,20.2125
2019-07-14,113,20.275
2019-07-15,189,19.5125
2019-07-16,147,20.504166666666663
2019-07-17,137,20.475
2019-07-18,140,19.416666666666668
2019-07-19,139,18.166666666666668
2019-07-20,122,16.75
2019-07-21,116,17.941666666666666
2019-07-22,141,18.925
2019-07-23,138,18.73333333333333
2019-07-24,184,18.9375
2019-07-25,149,18.629166666666663
2019-07-26,124,18.558333333333334
2019-07-27,120,17.9375
2019-07-28,106,18.841666666666665
2019-07-29,109,19.429166666666667
2019-07-30,151,20.8125
2019-07-31,139,21.175
2019-08-01,128,22.041666666666668
2019-08-02,165,20.92083333333333
2019-08-03,128,21.1875
2019-08-04,90,20.691666666666663
2019-08-05,378,19.591666666666665
2019-08-06,240,18.429166666666667
2019-08-07,149,18.72083333333333
2019-08-08,126,19.84583333333333
2019-08-09,145,20.441666666666663
2019-08-10,145,21.05
2019-08-11,96,22.27916666666667
2019-08-12,144,22.975
2019-08-13,132,21.758333333333336
2019-08-14,139,20.8375
2019-08-15,118,19.8625
2019-08-16,152,18.966666666666665
2019-08-17,140,19.766666666666666
2019-08-18,239,21.491666666666664
2019-08-19,201,23.34166666666667
2019-08-20,95,23.758333333333336
2019-08-21,145,23.0
2019-08-22,114,22.46666666666667
2019-08-23,160,23.05
2019-08-24,112,22.2375
2019-08-25,133,23.05
2019-08-26,191,21.575
2019-08-27,121,21.058333333333334
2019-08-28,105,21.454166666666666
2019-08-29,172,22.02916666666667
2019-08-30,127,22.58333333333333
2019-08-31,137,24.375
2019-09-01,134,24.875
2019-09-02,140,23.85833333333333
2019-09-03,125,26.09583333333333
2019-09-04,147,26.15
2019-09-05,181,25.09166666666667
2019-09-06,140,23.94347826086957
2019-09-07,78,22.426086956521736
2019-09-08,109,22.991666666666664
2019-09-09,126,24.1
2019-09-10,175,25.254166666666663
2019-09-11,102,25.575
2019-09-12,142,26.025
2019-09-13,168,26.84166666666667
2019-09-14,111,25.775
2019-09-15,128,24.304166666666664
2019-09-16,135,24.745833333333334
2019-09-17,141,24.60833333333333
2019-09-18,174,25.65
2019-09-19,157,26.095652173913045
2019-09-20,277,29.91818181818182
2019-09-21,141,27.025
2019-09-22,109,27.35
2019-09-23,269,25.3625
2019-09-24,163,23.39583333333333
2019-09-25,311,24.204166666666666
2019-09-26,500,19.84583333333333
2019-09-27,309,20.7375
2019-09-28,378,22.33333333333333
2019-09-29,376,23.77916666666667
2019-09-30,238,23.25
2019-10-01,233,24.73333333333333
2019-10-02,168,25.791666666666668
2019-10-03,182,26.0125
2019-10-04,160,26.316666666666663
2019-10-05,165,24.55
2019-10-06,181,22.875
2019-10-07,400,23.45
2019-10-08,272,23.90416666666667
2019-10-09,257,22.941666666666663
2019-10-10,210,24.42083333333333
2019-10-11,207,23.05
2019-10-12,141,25.066666666666663
2019-10-13,121,25.6
2019-10-14,150,25.191666666666663
2019-10-15,185,25.59166666666667
2019-10-16,181,26.758333333333336
2019-10-17,148,26.429166666666664
2019-10-18,136,25.90416666666667
2019-10-19,128,26.304166666666664
2019-10-20,107,26.67083333333333
2019-10-21,307,22.704166666666666
2019-10-22,419,21.95833333333333
2019-10-23,432,21.40833333333333
2019-10-24,262,21.40416666666667
2019-10-25,212,23.8875
2019-10-26,296,22.933333333333334
2019-10-27,276,23.04583333333333
2019-10-28,218,24.7375
2019-10-29,148,24.479166666666668
2019-10-30,146,23.72083333333333
2019-10-31,152,24.570833333333336
2019-11-01,186,25.558333333333334
2019-11-02,178,24.304166666666664
2019-11-03,426,23.183333333333334
2019-11-04,525,22.254166666666663
2019-11-05,243,22.941666666666663
2019-11-06,280,23.191666666666663
2019-11-07,916,21.941666666666663
2019-11-08,398,23.5125
2019-11-09,230,25.704166666666666
2019-11-10,146,24.9875
2019-11-11,214,25.14583333333333
2019-11-12,212,26.6125
2019-11-13,186,26.829166666666666
2019-11-14,161,24.925
2019-11-15,377,24.354166666666668
2019-11-16,318,22.620833333333334
2019-11-17,234,21.279166666666665
2019-11-18,310,20.329166666666666
2019-11-19,327,21.4375
2019-11-20,282,20.28333333333333
2019-11-21,427,20.0125
2019-11-22,313,20.58333333333333
2019-11-23,408,20.7375
2019-11-24,297,21.191666666666663
2019-11-25,397,20.2625
2019-11-26,245,22.120833333333334
2019-11-27,212,21.954166666666666
2019-11-28,356,22.28333333333333
2019-11-29,302,22.9875
2019-11-30,322,21.22083333333333
2019-12-01,335,22.141666666666666
2019-12-02,294,22.808333333333334
2019-12-03,221,21.566666666666663
2019-12-04,288,21.525
2019-12-05,350,22.370833333333334
2019-12-06,397,21.570833333333336
2019-12-07,340,21.183333333333334
2019-12-08,383,20.941666666666663
2019-12-09,331,22.10833333333333
2019-12-10,334,20.98333333333333
2019-12-11,235,22.08333333333333
2019-12-12,421,22.308333333333334
2019-12-13,485,23.1875
2019-12-14,568,22.46666666666667
2019-12-15,215,23.629166666666663
2019-12-16,253,24.2
2019-12-17,240,23.379166666666663
2019-12-18,319,22.08333333333333
2019-12-19,283,20.808333333333334
2019-12-20,214,23.2375
2019-12-21,134,23.491666666666664
2019-12-22,392,23.45
2019-12-23,791,22.10833333333333
2019-12-24,557,20.491666666666667
2019-12-25,352,21.7125
2019-12-26,350,22.83333333333333
2019-12-27,259,23.6625
2019-12-28,181,23.870833333333334
2019-12-29,171,24.1375
2019-12-30,179,24.016666666666666
2019-12-31,318,21.5625
2020-01-01,215,21.1625
2020-01-02,326,21.879166666666663
2020-01-03,254,21.39583333333333
2020-01-04,251,20.3
2020-01-05,257,19.120833333333334
2020-01-06,434,20.79583333333333
2020-01-07,276,22.125
2020-01-08,216,22.429166666666664
2020-01-09,331,21.34583333333333
2020-01-10,269,22.766666666666666
2020-01-11,242,24.433333333333334
2020-01-12,138,24.2125
2020-01-13,187,24.45833333333333
2020-01-14,205,24.9625
2020-01-15,228,25.008333333333336
2020-01-16,243,25.5125
2020-01-17,257,24.05
2020-01-18,247,21.633333333333336
2020-01-19,279,23.820833333333336
2020-01-20,339,23.225
2020-01-21,287,22.025
2020-01-22,221,20.39583333333333
2020-01-23,239,20.541666666666668
2020-01-24,570,20.125
2020-01-25,434,19.9875
2020-01-26,373,20.195833333333333
2020-01-27,403,20.883333333333333
2020-01-28,255,20.754166666666663
2020-01-29,211,22.166666666666668
2020-01-30,210,22.933333333333334
2020-01-31,209,23.9625
2020-02-01,186,23.825
2020-02-02,125,24.15
2020-02-03,227,23.84166666666667
2020-02-04,256,21.59166666666667
2020-02-05,224,22.25
2020-02-06,255,20.42083333333333
2020-02-07,275,18.779166666666665
2020-02-08,202,18.604166666666668
2020-02-09,137,19.104166666666668
2020-02-10,275,21.0875
2020-02-11,239,21.77083333333333
2020-02-12,227,21.7625
2020-02-13,202,21.475
2020-02-14,210,22.02083333333333
2020-02-15,240,21.883333333333336
2020-02-16,171,22.620833333333334
2020-02-17,191,23.2375
2020-02-18,165,23.316666666666663
2020-02-19,184,23.2625
2020-02-20,208,22.241666666666664
2020-02-21,195,22.09583333333333
2020-02-22,250,22.491666666666664
2020-02-23,154,21.804166666666664
2020-02-24,192,20.55
2020-02-25,183,21.183333333333334
2020-02-26,208,21.17083333333333
2020-02-27,270,22.6875
2020-02-28,239,21.558333333333334
2020-02-29,172,20.2375
2020-03-01,156,21.05
2020-03-02,223,21.45833333333333
2020-03-03,209,21.479166666666668
2020-03-04,172,22.104166666666668
2020-03-05,201,21.3375
2020-03-06,159,19.3
2020-03-07,333,20.279166666666665
2020-03-08,142,21.575
2020-03-09,174,21.79583333333333
2020-03-10,157,22.854166666666668
2020-03-11,137,22.445833333333336
2020-03-12,137,21.875
2020-03-13,169,22.5625
2020-03-14,130,22.97083333333333
2020-03-15,148,22.695833333333336
2020-03-16,196,21.45833333333333
2020-03-17,190,21.77916666666667
2020-03-18,206,23.575
2020-03-19,220,23.104166666666668
2020-03-20,271,21.59583333333333
2020-03-21,181,21.33333333333333
2020-03-22,153,21.354166666666668
2020-03-23,218,21.516666666666666
2020-03-24,176,19.89583333333333
2020-03-25,200,19.741666666666667
2020-03-26,246,19.495833333333334
2020-03-27,181,20.575
2020-03-28,173,20.754166666666663
2020-03-29,139,22.079166666666666
2020-03-30,213,22.8375
2020-03-31,158,22.925
2020-04-01,155,23.570833333333336
2020-04-02,141,24.1875
2020-04-03,158,24.058333333333334
2020-04-04,157,23.791666666666668
2020-04-05,102,23.375
2020-04-06,275,22.85
2020-04-07,227,21.84583333333333
2020-04-08,180,21.34166666666667
2020-04-09,199,21.525
2020-04-10,149,22.7625
2020-04-11,142,22.325
2020-04-12,142,22.0625
2020-04-13,180,22.1125
2020-04-14,236,21.266666666666666
2020-04-15,191,19.2625
2020-04-16,192,19.1875
2020-04-17,194,21.025
2020-04-18,156,20.92083333333333
2020-04-19,122,21.05
2020-04-20,159,20.575
2020-04-21,149,19.95833333333333
2020-04-22,256,19.59583333333333
2020-04-23,182,19.933333333333334
2020-04-24,169,20.683333333333334
2020-04-25,160,20.42083333333333
2020-04-26,114,19.5125
2020-04-27,139,20.079166666666666
2020-04-28,150,19.7125
2020-04-29,134,19.441666666666663
2020-04-30,184,19.9375
2020-05-01,127,19.870833333333334
2020-05-02,135,19.9875
2020-05-03,130,19.504166666666663
2020-05-04,179,19.70833333333333
2020-05-05,162,20.441666666666663
2020-05-06,151,20.15
2020-05-07,107,19.25
2020-05-08,122,19.39166666666667
2020-05-09,152,18.15833333333333
2020-05-10,104,18.679166666666667
2020-05-11,173,18.816666666666663
2020-05-12,267,19.22083333333333
2020-05-13,200,19.766666666666666
2020-05-14,210,19.245833333333334
2020-05-15,241,20.05
2020-05-16,287,19.525
2020-05-17,148,19.195833333333333
2020-05-18,156,19.954166666666666
2020-05-19,153,19.154166666666665
2020-05-20,135,19.004166666666663
2020-05-21,172,19.35
2020-05-22,194,20.383333333333333
2020-05-23,140,21.17083333333333
2020-05-24,131,20.383333333333333
2020-05-25,216,20.529166666666665
2020-05-26,176,19.1375
2020-05-27,307,16.8875
2020-05-28,182,16.9375
2020-05-29,148,17.195833333333333
2020-05-30,125,16.870833333333334
2020-05-31,118,17.070833333333333
2020-06-01,181,17.787499999999998
2020-06-02,166,18.641666666666666
2020-06-03,141,20.10833333333333
2020-06-04,159,20.85833333333333
2020-06-05,127,20.758333333333333
2020-06-06,156,20.625
2020-06-07,83,20.495833333333334
2020-06-08,143,19.829166666666666
2020-06-09,164,20.2125
2020-06-10,168,19.27083333333333
2020-06-11,163,19.5875
2020-06-12,123,19.975
2020-06-13,117,19.6625
2020-06-14,144,19.133333333333333
2020-06-15,214,18.954166666666666
2020-06-16,149,17.616666666666667
2020-06-17,311,17.516666666666666
2020-06-18,250,17.045833333333334
2020-06-19,158,18.28333333333333
2020-06-20,166,19.1
2020-06-21,132,19.766666666666666
2020-06-22,163,17.720833333333335
2020-06-23,150,18.008333333333333
2020-06-24,180,19.45833333333333
2020-06-25,164,20.183333333333334
2020-06-26,174,19.416666666666668
2020-06-27,214,19.7125
2020-06-28,111,18.8125
2020-06-29,145,17.933333333333334
2020-06-30,215,18.241666666666667
2020-07-01,212,18.34583333333333
2020-07-02,176,19.28333333333333
2020-07-03,172,20.0875
2020-07-04,142,20.5875
2020-07-05,121,19.6125
2020-07-06,142,18.416666666666668
2020-07-07,345,19.45
2020-07-08,177,18.816666666666663
2020-07-09,167,19.141666666666666
2020-07-10,217,19.9375
2020-07-11,146,19.84583333333333
2020-07-12,117,20.1625
2020-07-13,170,18.466666666666665
2020-07-14,216,18.85833333333333
2020-07-15,192,19.9375
2020-07-16,150,19.7875
2020-07-17,128,18.77083333333333
2020-07-18,234,18.495833333333334
2020-07-19,223,17.416666666666668
2020-07-20,201,18.691666666666663
2020-07-21,172,18.904166666666665
2020-07-22,121,19.808333333333334
2020-07-23,148,19.058333333333334
2020-07-24,171,18.97083333333333
2020-07-25,112,19.308333333333334
2020-07-26,129,18.925
2020-07-27,171,19.304166666666667
2020-07-28,189,20.041666666666668
2020-07-29,163,21.004166666666663
2020-07-30,164,20.479166666666668
2020-07-31,195,18.504166666666663
2020-08-01,152,18.054166666666667
2020-08-02,131,18.141666666666666
2020-08-03,149,17.666666666666668
2020-08-04,166,17.270833333333332
2020-08-05,175,16.879166666666666
2020-08-06,149,17.1875
2020-08-07,126,17.283333333333335
2020-08-08,146,17.845833333333335
2020-08-09,120,18.0375
2020-08-10,136,19.966666666666665
2020-08-11,151,21.179166666666667
2020-08-12,153,21.745833333333334
2020-08-13,135,21.5
2020-08-14,130,22.0375
2020-08-15,175,22.10833333333333
2020-08-16,143,22.308333333333334
2020-08-17,188,23.883333333333336
2020-08-18,181,24.0125
2020-08-19,154,24.15
2020-08-20,185,23.179166666666664
2020-08-21,164,22.02083333333333
2020-08-22,119,19.5625
2020-08-23,127,18.616666666666667
2020-08-24,131,20.0125
2020-08-25,165,19.916666666666668
2020-08-26,163,18.72083333333333
2020-08-27,139,20.141666666666666
2020-08-28,129,21.066666666666663
2020-08-29,119,21.84583333333333
2020-08-30,108,22.85833333333333
2020-08-31,127,23.804166666666664
2020-09-01,122,23.479166666666668
2020-09-02,142,21.59166666666667
2020-09-03,135,21.1625
2020-09-04,141,21.84583333333333
2020-09-05,191,22.491666666666664
2020-09-06,114,22.78333333333333
2020-09-07,88,23.679166666666664
2020-09-08,113,23.479166666666668
2020-09-09,127,24.070833333333336
2020-09-10,121,23.45833333333333
2020-09-11,163,24.441666666666663
2020-09-12,121,24.02083333333333
2020-09-13,107,22.825
2020-09-14,99,22.4375
2020-09-15,126,24.0125
2020-09-16,174,23.004166666666663
2020-09-17,150,23.379166666666663
2020-09-18,214,24.7
2020-09-19,178,26.054166666666664
2020-09-20,142,26.52916666666667
2020-09-21,900,23.25
2020-09-22,561,20.17083333333333
2020-09-23,327,19.354166666666668
2020-09-24,231,21.33333333333333
2020-09-25,207,23.329166666666666
2020-09-26,150,24.29583333333333
2020-09-27,127,25.691666666666663
2020-09-28,207,25.9
2020-09-29,206,26.258333333333336
2020-09-30,253,27.541666666666668
2020-10-01,195,26.78333333333333
2020-10-02,162,26.383333333333336
2020-10-03,169,26.820833333333336
2020-10-04,110,27.35
2020-10-05,141,27.35833333333333
2020-10-06,150,27.254166666666663
2020-10-07,253,27.754166666666663
2020-10-08,359,28.04583333333333
2020-10-09,268,27.616666666666664
2020-10-10,504,27.116666666666664
2020-10-11,484,22.27083333333333
2020-10-12,270,23.4
2020-10-13,334,23.204166666666666
2020-10-14,368,22.825
2020-10-15,312,23.704166666666666
2020-10-16,266,24.758333333333336
2020-10-17,186,24.929166666666664
2020-10-18,294,23.8
2020-10-19,576,19.0125
2020-10-20,240,19.829166666666666
2020-10-21,423,20.8125
2020-10-22,376,21.78333333333333
2020-10-23,330,20.7875
2020-10-24,382,20.125
2020-10-25,361,22.133333333333336
2020-10-26,306,20.95
2020-10-27,302,22.08333333333333
2020-10-28,341,20.841666666666665
2020-10-29,274,22.1375
2020-10-30,225,22.28333333333333
2020-10-31,237,20.2125
2020-11-01,134,19.870833333333334
2020-11-02,191,20.745833333333334
2020-11-03,371,19.329166666666666
2020-11-04,239,20.5125
2020-11-05,203,21.875
2020-11-06,271,22.90833333333333
2020-11-07,241,22.525
2020-11-08,130,23.5875
2020-11-09,221,23.745833333333334
2020-11-10,224,22.129166666666663
2020-11-11,224,22.004166666666663
2020-11-12,332,21.354166666666668
2020-11-13,242,20.941666666666663
2020-11-14,230,21.054166666666667
2020-11-15,251,21.52916666666667
2020-11-16,329,22.308333333333334
2020-11-17,270,20.6
2020-11-18,217,21.95833333333333
2020-11-19,332,19.8625
2020-11-20,213,21.275
2020-11-21,171,23.33333333333333
2020-11-22,128,23.15
2020-11-23,165,21.195833333333333
2020-11-24,206,20.925
2020-11-25,295,19.2875
2020-11-26,250,20.945833333333333
2020-11-27,176,22.0
2020-11-28,152,22.641666666666666
2020-11-29,166,22.070833333333336
2020-11-30,169,22.416666666666668
2020-12-01,190,22.941666666666663
2020-12-02,200,23.933333333333334
2020-12-03,408,24.695833333333336
2020-12-04,417,24.3625
2020-12-05,439,22.95833333333333
2020-12-06,356,21.77916666666667
2020-12-07,272,21.95
2020-12-08,372,22.6625
2020-12-09,412,21.025
2020-12-10,431,20.5875
2020-12-11,466,19.575
2020-12-12,294,20.5
2020-12-13,209,22.516666666666666
2020-12-14,234,23.7125
2020-12-15,238,24.65833333333333
2020-12-16,162,23.7
2020-12-17,153,24.058333333333334
2020-12-18,125,25.354166666666668
2020-12-19,162,22.766666666666666
2020-12-20,194,22.004166666666663
2020-12-21,204,22.39583333333333
2020-12-22,279,20.695833333333333
2020-12-23,281,20.9625
2020-12-24,332,21.179166666666667
2020-12-25,222,20.929166666666667
2020-12-26,233,20.279166666666665
2020-12-27,321,20.633333333333333
2020-12-28,263,22.058333333333334
2020-12-29,217,23.45833333333333
2020-12-30,157,24.058333333333334
2020-12-31,351,23.366666666666664
2021-01-01,328,22.133333333333336
2021-01-02,265,21.154166666666665
2021-01-03,509,21.829166666666666
2021-01-04,274,20.1
2021-01-05,233,22.05
2021-01-06,239,24.258333333333336
2021-01-07,339,23.375
2021-01-08,202,22.59166666666667
2021-01-09,428,22.866666666666664
2021-01-10,250,21.854166666666668
2021-01-11,234,22.258333333333336
2021-01-12,324,21.42083333333333
2021-01-13,278,22.925
2021-01-14,313,21.96666666666667
2021-01-15,225,20.791666666666668
2021-01-16,248,19.53333333333333
2021-01-17,161,20.65
2021-01-18,206,22.379166666666663
2021-01-19,227,23.229166666666668
2021-01-20,187,22.48333333333333
2021-01-21,149,23.59583333333333
2021-01-22,154,23.379166666666663
2021-01-23,164,23.15416666666667
2021-01-24,117,23.445833333333336
2021-01-25,256,22.09583333333333
2021-01-26,704,20.558333333333334
2021-01-27,381,21.891666666666666
2021-01-28,258,22.275
2021-01-29,255,22.2875
2021-01-30,149,23.5625
2021-01-31,180,24.370833333333334
2021-02-01,355,22.370833333333334
2021-02-02,286,23.004166666666663
2021-02-03,700,23.004166666666663
2021-02-04,506,22.195833333333336
2021-02-05,309,22.59166666666667
2021-02-06,372,20.1125
2021-02-07,282,19.75
2021-02-08,433,19.879166666666663
2021-02-09,351,19.8
2021-02-10,362,21.46666666666667
2021-02-11,334,21.916666666666668
2021-02-12,311,19.79583333333333
2021-02-13,346,19.216666666666665
2021-02-14,267,20.275
2021-02-15,412,21.14583333333333
2021-02-16,304,20.8125
2021-02-17,346,20.854166666666668
2021-02-18,324,20.879166666666663
2021-02-19,327,21.558333333333334
2021-02-20,479,21.279166666666665
2021-02-21,296,20.475
2021-02-22,324,20.6
2021-02-23,324,20.716666666666665
2021-02-24,329,21.4625
2021-02-25,361,20.775
2021-02-26,275,19.97083333333333
2021-02-27,240,19.025
2021-02-28,494,19.258333333333333
2021-03-01,293,20.84583333333333
2021-03-02,235,21.33333333333333
2021-03-03,247,22.225
2021-03-04,249,22.65833333333333
2021-03-05,283,23.2375
2021-03-06,266,22.53333333333333
2021-03-07,234,22.04583333333333
2021-03-08,634,20.1
2021-03-09,365,21.33333333333333
2021-03-10,285,20.725
2021-03-11,269,21.370833333333334
2021-03-12,283,20.766666666666666
2021-03-13,252,21.954166666666666
2021-03-14,190,21.495833333333334
2021-03-15,258,20.429166666666667
2021-03-16,241,21.15
2021-03-17,221,21.32916666666667
2021-03-18,286,21.4125
2021-03-19,324,20.441666666666663
2021-03-20,237,21.60833333333333
2021-03-21,176,21.429166666666664
2021-03-22,192,21.154166666666665
2021-03-23,149,22.116666666666664
2021-03-24,181,22.7375
2021-03-25,231,22.5
2021-03-26,199,20.675
2021-03-27,257,21.35833333333333
2021-03-28,130,22.4875
2021-03-29,239,22.52916666666667
2021-03-30,214,23.33333333333333
2021-03-31,388,23.84166666666667
2021-04-01,279,22.1
2021-04-02,219,22.1375
2021-04-03,267,21.84583333333333
2021-04-04,239,21.016666666666666
2021-04-05,264,21.5
2021-04-06,192,20.65833333333333
2021-04-07,178,20.35
2021-04-08,275,19.79583333333333
2021-04-09,218,19.23333333333333
2021-04-10,224,19.875
2021-04-11,164,20.9125
2021-04-12,237,21.45
2021-04-13,228,22.291666666666668
2021-04-14,173,20.85833333333333
2021-04-15,209,21.52083333333333
2021-04-16,231,21.541666666666668
2021-04-17,172,20.325
2021-04-18,237,19.6
2021-04-19,302,19.33333333333333
2021-04-20,269,19.67083333333333
2021-04-21,191,20.266666666666666
2021-04-22,249,19.766666666666666
2021-04-23,275,19.866666666666667
2021-04-24,172,20.820833333333333
2021-04-25,155,21.23333333333333
2021-04-26,214,21.133333333333333
2021-04-27,234,20.67083333333333
2021-04-28,205,21.45
2021-04-29,281,20.2
2021-04-30,177,20.191666666666663
2021-05-01,121,18.7375
2021-05-02,110,18.779166666666665
2021-05-03,204,18.77083333333333
2021-05-04,194,19.2375
2021-05-05,203,18.79583333333333
2021-05-06,236,19.745833333333334
2021-05-07,251,20.391666666666666
2021-05-08,200,21.416666666666668
2021-05-09,142,19.75
2021-05-10,197,19.08333333333333
2021-05-11,245,18.575
2021-05-12,205,18.9375
2021-05-13,187,20.0125
2021-05-14,169,19.054166666666667
2021-05-15,138,19.60833333333333
2021-05-16,118,19.495833333333334
2021-05-17,195,18.966666666666665
2021-05-18,211,18.870833333333334
2021-05-19,209,18.6875
2021-05-20,250,19.291666666666668
2021-05-21,225,20.325
2021-05-22,190,20.779166666666665
2021-05-23,192,21.129166666666663
2021-05-24,189,20.758333333333333
2021-05-25,185,21.354166666666668
2021-05-26,198,21.60833333333333
2021-05-27,204,22.0875
2021-05-28,425,21.554166666666664
2021-05-29,151,20.941666666666663
2021-05-30,108,20.79583333333333
2021-05-31,205,20.65833333333333
2021-06-01,167,20.129166666666663
2021-06-02,195,20.679166666666667
2021-06-03,154,21.02083333333333
2021-06-04,306,19.975
2021-06-05,208,20.133333333333333
2021-06-06,114,20.22083333333333
2021-06-07,175,19.73333333333333
2021-06-08,167,20.245833333333334
2021-06-09,194,20.3875
2021-06-10,218,21.245833333333334
2021-06-11,248,19.883333333333333
2021-06-12,205,19.7875
2021-06-13,145,20.15833333333333
2021-06-14,443,19.97083333333333
2021-06-15,565,18.7125
2021-06-16,330,18.879166666666663
2021-06-17,266,18.079166666666666
2021-06-18,216,17.775000000000002
2021-06-19,207,19.05
2021-06-20,216,19.84583333333333
2021-06-21,173,20.433333333333334
2021-06-22,203,19.475
2021-06-23,258,19.35833333333333
2021-06-24,249,20.10833333333333
2021-06-25,215,19.1625
2021-06-26,165,17.858333333333334
2021-06-27,134,18.2
2021-06-28,181,17.816666666666666
2021-06-29,206,16.516666666666666
2021-06-30,350,14.795833333333334
2021-07-01,222,16.358333333333334
2021-07-02,176,18.116666666666667
2021-07-03,139,18.28333333333333
2021-07-04,181,16.258333333333333
2021-07-05,199,16.6375
2021-07-06,174,16.520833333333332
2021-07-07,244,17.870833333333334
2021-07-08,273,17.575
2021-07-09,183,17.670833333333334
2021-07-10,154,18.154166666666665
2021-07-11,136,17.541666666666668
2021-07-12,185,18.070833333333333
2021-07-13,215,18.70833333333333
2021-07-14,234,18.77083333333333
2021-07-15,283,18.925
2021-07-16,289,19.65
2021-07-17,256,20.1375
2021-07-18,158,21.133333333333333
2021-07-19,176,20.02083333333333
2021-07-20,211,18.375
2021-07-21,194,19.15
2021-07-22,268,20.383333333333333
2021-07-23,188,18.3375
2021-07-24,185,17.5
2021-07-25,132,18.179166666666667
2021-07-26,224,19.116666666666667
2021-07-27,186,19.579166666666666
2021-07-28,218,20.883333333333333
2021-07-29,207,17.0
2021-07-30,177,17.083333333333332
2021-07-31,161,19.1
2021-08-01,121,19.291666666666668
2021-08-02,170,18.29583333333333
2021-08-03,166,18.8375
2021-08-04,214,19.529166666666665
2021-08-05,220,18.63478260869565
2021-08-06,221,17.508333333333333
2021-08-07,156,17.095833333333335
2021-08-08,118,17.920833333333334
2021-08-09,207,19.133333333333333
2021-08-10,253,20.72083333333333
2021-08-11,238,20.40833333333333
2021-08-12,176,21.229166666666668
2021-08-13,152,21.629166666666663
2021-08-14,150,21.566666666666663
2021-08-15,139,22.925
2021-08-16,195,22.258333333333336
2021-08-17,232,22.875
2021-08-18,268,22.28333333333333
2021-08-19,273,20.60833333333333
2021-08-20,212,20.466666666666665
2021-08-21,157,20.254166666666663
2021-08-22,235,21.495833333333334
2021-08-23,254,22.5625
2021-08-24,247,23.175
2021-08-25,217,22.60833333333333
2021-08-26,214,23.34583333333333
2021-08-27,201,24.558333333333334
2021-08-28,175,23.129166666666663
2021-08-29,143,21.7625
2021-08-30,425,21.375
2021-08-31,320,21.104166666666668
2021-09-01,187,20.35833333333333
2021-09-02,194,21.22083333333333
2021-09-03,210,22.416666666666668
2021-09-04,158,22.52916666666667
2021-09-05,187,24.191666666666663
2021-09-06,246,25.070833333333336
2021-09-07,180,26.604166666666668
2021-09-08,255,26.808333333333334
2021-09-09,233,26.22083333333333
2021-09-10,232,25.791666666666668
2021-09-11,183,25.666666666666668
2021-09-12,179,27.066666666666663
2021-09-13,258,26.554166666666664
2021-09-14,243,24.925
2021-09-15,178,25.59166666666667
2021-09-16,207,26.191666666666663
2021-09-17,199,24.766666666666666
2021-09-18,184,23.9
2021-09-19,144,25.5875
2021-09-20,212,26.945833333333336
2021-09-21,267,26.933333333333334
2021-09-22,361,27.4875
2021-09-23,206,25.820833333333336
2021-09-24,451,25.025
2021-09-25,628,21.604166666666668
2021-09-26,286,22.33333333333333
2021-09-27,238,23.85833333333333
2021-09-28,249,24.46666666666667
2021-09-29,267,25.65
2021-09-30,321,23.941666666666663
2021-10-01,340,23.9125
2021-10-02,470,21.45
2021-10-03,190,23.266666666666666
2021-10-04,197,25.475
2021-10-05,236,25.35833333333333
2021-10-06,255,26.25
2021-10-07,231,26.5375
2021-10-08,194,26.379166666666663
2021-10-09,236,25.71666666666667
2021-10-10,500,22.175
2021-10-11,470,21.1
2021-10-12,358,23.041666666666668
2021-10-13,436,22.325
2021-10-14,444,21.8875
2021-10-15,344,22.808333333333334
2021-10-16,311,22.73333333333333
2021-10-17,292,23.2625
2021-10-18,382,21.85833333333333
2021-10-19,380,21.5125
2021-10-20,479,22.829166666666666
2021-10-21,645,21.870833333333334
2021-10-22,386,21.3375
2021-10-23,251,22.15
2021-10-24,225,23.02916666666667
2021-10-25,325,22.245833333333334
2021-10-26,387,22.266666666666666
2021-10-27,289,23.8125
2021-10-28,255,24.491666666666664
2021-10-29,214,24.25
2021-10-30,334,23.28333333333333
2021-10-31,278,19.42083333333333
2021-11-01,342,20.879166666666663
2021-11-02,216,21.3375
2021-11-03,245,21.5
2021-11-04,255,20.866666666666667
2021-11-05,415,20.45
2021-11-06,304,23.016666666666666
2021-11-07,295,21.75
2021-11-08,449,20.504166666666663
2021-11-09,258,21.39583333333333
2021-11-10,333,21.070833333333333
2021-11-11,379,20.475
2021-11-12,379,20.04583333333333
2021-11-13,371,20.28333333333333
2021-11-14,217,19.391666666666666
2021-11-15,276,18.67083333333333
2021-11-16,365,19.33333333333333
2021-11-17,273,21.22083333333333
2021-11-18,356,19.6875
2021-11-19,363,21.525
2021-11-20,338,21.495833333333334
2021-11-21,251,21.104166666666668
2021-11-22,483,22.34583333333333
2021-11-23,406,22.15833333333333
2021-11-24,347,23.379166666666663
2021-11-25,362,24.05
2021-11-26,447,24.02083333333333
2021-11-27,1424,22.84166666666667
2021-11-28,554,22.495833333333334
2021-11-29,804,20.745833333333334
2021-11-30,552,20.925
2021-12-01,521,22.07083333333333
2021-12-02,365,21.575
2021-12-03,369,21.641666666666666
2021-12-04,313,21.25
2021-12-05,306,20.758333333333333
2021-12-06,369,21.241666666666667
2021-12-07,535,21.929166666666664
2021-12-08,443,20.308333333333334
2021-12-09,353,20.791666666666668
2021-12-10,350,22.2875
2021-12-11,353,22.0125
2021-12-12,349,21.4
2021-12-13,354,21.65416666666667
2021-12-14,377,21.316666666666663
2021-12-15,344,21.066666666666663
2021-12-16,386,21.054166666666667
2021-12-17,341,21.191666666666663
2021-12-18,393,21.116666666666667
2021-12-19,291,21.52083333333333
2021-12-20,508,20.95833333333333
2021-12-21,413,21.4375
2021-12-22,496,22.258333333333336
2021-12-23,311,21.820833333333336
2021-12-24,524,19.116666666666667
2021-12-25,289,20.316666666666663
2021-12-26,205,21.9625
2021-12-27,311,22.016666666666666
2021-12-28,279,20.95833333333333
2021-12-29,253,21.0125
2021-12-30,317,19.791666666666668
2021-12-31,314,19.133333333333333
2022-01-01,227,19.325
2022-01-02,220,19.975
2022-01-03,288,21.166666666666668
2022-01-04,347,20.916666666666668
2022-01-05,270,22.141666666666666
2022-01-06,273,21.1875
2022-01-07,274,19.766666666666666
2022-01-08,271,19.77083333333333
2022-01-09,346,19.33333333333333
2022-01-10,356,19.75
2022-01-11,365,19.116666666666667
2022-01-12,375,19.53333333333333
2022-01-13,443,20.454166666666666
2022-01-14,354,22.5
2022-01-15,274,22.825
2022-01-16,153,22.86666666666667
2022-01-17,309,23.133333333333336
2022-01-18,219,23.320833333333336
2022-01-19,346,22.995833333333334
2022-01-20,285,23.6375
2022-01-21,366,22.079166666666666
2022-01-22,198,22.33333333333333
2022-01-23,153,24.29583333333333
2022-01-24,227,24.58333333333333
2022-01-25,347,22.445833333333336
2022-01-26,277,20.47083333333333
2022-01-27,313,20.516666666666666
2022-01-28,306,20.691666666666663
2022-01-29,264,21.5375
2022-01-30,258,21.679166666666664
2022-01-31,245,20.775
2022-02-01,256,21.64583333333333
2022-02-02,351,21.979166666666668
2022-02-03,392,21.229166666666668
2022-02-04,367,21.3875
2022-02-05,309,22.241666666666664
2022-02-06,245,20.125
2022-02-07,259,21.154166666666665
2022-02-08,291,20.55
2022-02-09,301,21.429166666666664
2022-02-10,309,20.35833333333333
2022-02-11,305,21.066666666666663
2022-02-12,237,21.28333333333333
2022-02-13,364,20.508333333333333
2022-02-14,354,21.604166666666668
2022-02-15,407,20.8875
2022-02-16,438,21.241666666666667
2022-02-17,373,19.675
2022-02-18,266,20.4875
2022-02-19,255,19.433333333333334
2022-02-20,223,19.67083333333333
2022-02-21,321,20.64583333333333
2022-02-22,329,21.15
2022-02-23,301,22.45
2022-02-24,398,21.1375
2022-02-25,330,22.79583333333333
2022-02-26,237,23.2875
2022-02-27,210,23.73333333333333
2022-02-28,230,23.70833333333333
2022-03-01,213,23.441666666666663
2022-03-02,566,21.1
2022-03-03,460,19.9375
2022-03-04,405,20.354166666666668
2022-03-05,410,21.525
2022-03-06,427,21.725
2022-03-07,355,21.854166666666668
2022-03-08,302,21.945833333333336
2022-03-09,233,22.225
2022-03-10,303,22.979166666666668
2022-03-11,234,22.804166666666664
2022-03-12,369,21.183333333333334
2022-03-13,380,21.141666666666666
2022-03-14,364,21.23333333333333
2022-03-15,322,20.83333333333333
2022-03-16,282,22.004166666666663
2022-03-17,219,22.60833333333333
2022-03-18,292,21.92083333333333
2022-03-19,250,22.35
2022-03-20,174,22.8125
2022-03-21,243,21.979166666666668
2022-03-22,287,21.96666666666667
2022-03-23,318,21.725
2022-03-24,259,22.416666666666668
2022-03-25,298,22.370833333333334
2022-03-26,227,22.95
2022-03-27,195,23.3625
2022-03-28,226,23.5375
2022-03-29,232,24.125
2022-03-30,328,23.4
2022-03-31,237,22.97083333333333
2022-04-01,203,22.495833333333334
2022-04-02,190,23.129166666666663
2022-04-03,146,23.133333333333336
2022-04-04,179,23.23333333333333
2022-04-05,215,23.245833333333334
2022-04-06,227,22.67083333333333
2022-04-07,235,23.65416666666667
2022-04-08,268,22.058333333333334
2022-04-09,228,23.3625
2022-04-10,230,23.54583333333333
2022-04-11,359,22.02916666666667
2022-04-12,371,22.2875
2022-04-13,338,21.1
2022-04-14,304,22.495833333333334
2022-04-15,221,22.204166666666666
2022-04-16,202,22.054166666666664
2022-04-17,263,21.433333333333334
2022-04-18,217,21.64583333333333
2022-04-19,175,21.6375
2022-04-20,241,21.816666666666663
2022-04-21,198,21.4375
2022-04-22,260,22.354166666666668
2022-04-23,295,21.17083333333333
2022-04-24,210,21.741666666666664
2022-04-25,278,23.695833333333336
2022-04-26,265,22.525
2022-04-27,202,22.229166666666668
2022-04-28,220,21.7625
2022-04-29,248,22.1375
2022-04-30,189,21.7375
2022-05-01,136,20.479166666666668
2022-05-02,198,22.166666666666668
2022-05-03,194,22.6875
2022-05-04,221,21.8875
2022-05-05,322,21.90833333333333
2022-05-06,362,21.1
2022-05-07,227,22.041666666666668
2022-05-08,179,22.3875
2022-05-09,248,21.558333333333334
2022-05-10,191,20.6125
2022-05-11,203,19.516666666666666
2022-05-12,171,20.441666666666663
2022-05-13,188,21.72083333333333
2022-05-14,210,21.9875
2022-05-15,195,21.90416666666667
2022-05-16,299,21.054166666666667
2022-05-17,258,19.558333333333334
2022-05-18,295,13.604166666666666
2022-05-19,382,11.308333333333332
2022-05-20,319,13.233333333333334
2022-05-21,224,16.433333333333334
2022-05-22,320,16.691666666666666
2022-05-23,227,18.791666666666668
2022-05-24,218,20.04583333333333
2022-05-25,309,18.404166666666665
2022-05-26,282,18.508333333333333
2022-05-27,264,19.2125
2022-05-28,196,19.154166666666665
2022-05-29,165,18.954166666666666
2022-05-30,200,19.90833333333333
2022-05-31,229,20.025
2022-06-01,191,20.416666666666668
2022-06-02,252,20.73333333333333
2022-06-03,246,20.141666666666666
2022-06-04,177,19.466666666666665
2022-06-05,235,19.529166666666665
2022-06-06,211,19.025
2022-06-07,183,18.945833333333333
2022-06-08,233,19.73333333333333
2022-06-09,315,20.808333333333334
2022-06-10,208,20.09583333333333
2022-06-11,198,19.291666666666668
2022-06-12,191,19.35
2022-06-13,258,19.025
2022-06-14,252,20.2625
2022-06-15,236,20.1875
2022-06-16,228,20.370833333333334
2022-06-17,217,19.0
2022-06-18,171,19.67083333333333
2022-06-19,173,19.666666666666668
2022-06-20,201,19.83333333333333
2022-06-21,189,19.804166666666667
2022-06-22,216,19.525
2022-06-23,213,19.716666666666665
2022-06-24,194,19.995833333333334
2022-06-25,204,19.566666666666663
2022-06-26,180,17.870833333333334
2022-06-27,201,19.2625
2022-06-28,202,18.34583333333333
2022-06-29,238,17.820833333333333
2022-06-30,206,18.683333333333334
2022-07-01,267,19.23333333333333
2022-07-02,233,19.579166666666666
2022-07-03,148,19.10833333333333
2022-07-04,202,18.091666666666665
2022-07-05,177,18.39583333333333
2022-07-06,210,19.025
2022-07-07,225,18.691666666666663
2022-07-08,202,19.78333333333333
2022-07-09,180,19.025
2022-07-10,166,18.995833333333334
2022-07-11,246,18.47083333333333
2022-07-12,233,18.35
2022-07-13,265,19.70833333333333
2022-07-14,214,20.204166666666666
2022-07-15,179,19.6
2022-07-16,204,20.933333333333334
2022-07-17,183,19.325
2022-07-18,430,20.054166666666667
2022-07-19,238,19.654166666666665
2022-07-20,197,18.341666666666665
2022-07-21,204,19.475
2022-07-22,218,19.433333333333334
2022-07-23,187,18.64583333333333
2022-07-24,173,20.320833333333333
2022-07-25,216,20.03333333333333
2022-07-26,282,19.35
2022-07-27,216,18.7125
2022-07-28,252,19.416666666666668
2022-07-29,275,19.6125
2022-07-30,219,20.320833333333333
2022-07-31,179,21.016666666666666
2022-08-01,310,21.5875
2022-08-02,307,22.3875
2022-08-03,196,22.2125
2022-08-04,226,21.59166666666667
2022-08-05,276,20.495833333333334
2022-08-06,246,22.058333333333334
2022-08-07,179,22.3
2022-08-08,233,23.58333333333333
2022-08-09,250,22.35833333333333
2022-08-10,274,20.975
2022-08-11,217,16.804166666666667
2022-08-12,186,19.354166666666668
2022-08-13,301,20.7625
2022-08-14,190,21.325
2022-08-15,224,21.029166666666665
2022-08-16,221,21.516666666666666
2022-08-17,245,22.825
2022-08-18,211,23.1375
2022-08-19,253,21.479166666666668
2022-08-20,315,20.229166666666668
2022-08-21,156,19.166666666666668
2022-08-22,212,19.195833333333333
2022-08-23,194,19.566666666666663
2022-08-24,242,20.4
2022-08-25,222,20.85
2022-08-26,201,21.2125
2022-08-27,168,21.504166666666663
2022-08-28,366,21.854166666666668
2022-08-29,262,22.4375
2022-08-30,252,21.85
2022-08-31,352,19.575
2022-09-01,276,18.8375
2022-09-02,222,20.0625
2022-09-03,250,21.679166666666664
2022-09-04,159,23.416666666666668
2022-09-05,196,23.891666666666666
2022-09-06,198,22.1625
2022-09-07,184,21.091666666666665
2022-09-08,166,22.291666666666668
2022-09-09,214,22.73333333333333
2022-09-10,179,23.008333333333336
2022-09-11,307,25.004166666666663
2022-09-12,328,25.604166666666668
2022-09-13,313,26.46666666666667
2022-09-14,275,25.991666666666664
2022-09-15,229,24.133333333333336
2022-09-16,434,24.55
2022-09-17,617,23.5375
2022-09-18,815,21.829166666666666
2022-09-19,634,21.416666666666668
2022-09-20,410,23.0
2022-09-21,299,22.929166666666664
2022-09-22,543,21.070833333333333
2022-09-23,424,20.216666666666665
2022-09-24,367,21.8625
2022-09-25,281,21.616666666666664
2022-09-26,361,22.65
2022-09-27,300,23.83333333333333
2022-09-28,289,23.42083333333333
2022-09-29,242,24.08333333333333
2022-09-30,327,24.7625
2022-10-01,332,23.883333333333336
2022-10-02,224,22.8875
2022-10-03,246,22.8625
2022-10-04,232,23.429166666666664
2022-10-05,391,22.445833333333336
2022-10-06,324,23.85833333333333
2022-10-07,396,22.191666666666663
2022-10-08,258,23.15
2022-10-09,235,22.8875
2022-10-10,358,24.3875
2022-10-11,370,26.0875
2022-10-12,417,26.104166666666668
2022-10-13,260,24.72083333333333
2022-10-14,196,24.8
2022-10-15,469,24.854166666666668
2022-10-16,177,23.754166666666663
2022-10-17,259,25.04583333333333
2022-10-18,331,25.870833333333334
2022-10-19,309,26.3
2022-10-20,245,26.15
2022-10-21,447,24.116666666666664
2022-10-22,240,22.620833333333334
2022-10-23,210,21.016666666666666
2022-10-24,276,20.72083333333333
2022-10-25,215,23.495833333333334
2022-10-26,436,23.1125
2022-10-27,311,22.383333333333336
2022-10-28,357,22.4375
2022-10-29,284,22.479166666666668
2022-10-30,228,22.941666666666663
2022-10-31,494,23.09583333333333
2022-11-01,994,21.025
2022-11-02,433,19.116666666666667
2022-11-03,371,17.629166666666666
2022-11-04,300,17.308333333333334
2022-11-05,235,19.491666666666667
2022-11-06,364,21.279166666666665
2022-11-07,367,22.65
2022-11-08,699,20.67083333333333
2022-11-09,658,21.7
2022-11-10,815,21.454166666666666
2022-11-11,856,20.370833333333334
2022-11-12,452,19.741666666666667
2022-11-13,260,21.83333333333333
2022-11-14,471,21.8625
2022-11-15,803,19.758333333333333
2022-11-16,749,20.35833333333333
2022-11-17,511,21.90833333333333
2022-11-18,503,23.683333333333334
2022-11-19,833,20.73333333333333
2022-11-20,464,19.52083333333333
2022-11-21,483,20.275
2022-11-22,328,21.729166666666668
2022-11-23,416,20.620833333333334
2022-11-24,400,20.820833333333333
2022-11-25,419,20.1875
2022-11-26,347,20.429166666666667
2022-11-27,209,21.6625
2022-11-28,358,21.73333333333333
2022-11-29,488,20.20833333333333
2022-11-30,750,19.95833333333333
2022-12-01,318,20.575
2022-12-02,254,20.654166666666665
2022-12-03,225,20.8875
2022-12-04,254,20.33333333333333
2022-12-05,262,21.0875
2022-12-06,295,20.495833333333334
2022-12-07,329,21.4375
2022-12-08,542,22.4875
2022-12-09,661,21.791666666666668
2022-12-10,449,20.27083333333333
2022-12-11,292,22.4125
2022-12-12,375,22.6375
2022-12-13,673,21.808333333333334
2022-12-14,403,21.225
2022-12-15,425,19.945833333333333
2022-12-16,281,19.854166666666668
2022-12-17,346,19.629166666666663
2022-12-18,297,20.1125
2022-12-19,359,21.1875
2022-12-20,355,19.98333333333333
2022-12-21,293,19.425
2022-12-22,296,21.829166666666666
2022-12-23,427,20.383333333333333
2022-12-24,572,21.258333333333333
2022-12-25,314,20.133333333333333
2022-12-26,402,18.875
2022-12-27,390,20.241666666666667
2022-12-28,301,21.325
2022-12-29,292,21.95833333333333
2022-12-30,279,20.9
2022-12-31,340,20.141666666666666
2023-01-01,191,21.89583333333333
2023-01-02,236,23.041666666666668
2023-01-03,259,20.8125
2023-01-04,292,20.70833333333333
2023-01-05,265,21.1625
2023-01-06,291,19.73333333333333
2023-01-07,271,20.7625
2023-01-08,203,20.291666666666668
2023-01-09,363,19.841666666666665
2023-01-10,432,21.329166666666666
2023-01-11,423,20.754166666666663
2023-01-12,304,20.1
2023-01-13,353,19.4875
2023-01-14,346,20.529166666666665
2023-01-15,429,21.804166666666664
2023-01-16,354,22.329166666666666
2023-01-17,305,22.975
2023-01-18,330,22.64583333333333
2023-01-19,429,20.525
2023-01-20,373,20.183333333333334
2023-01-21,411,20.929166666666667
2023-01-22,238,21.14583333333333
2023-01-23,320,20.766666666666666
2023-01-24,337,21.25
2023-01-25,456,21.15833333333333
2023-01-26,253,20.066666666666663
2023-01-27,258,20.683333333333334
2023-01-28,350,21.116666666666667
2023-01-29,350,20.78333333333333
2023-01-30,385,20.52083333333333
2023-01-31,310,22.70833333333333
2023-02-01,287,22.691666666666663
2023-02-02,220,23.39583333333333
2023-02-03,369,21.704166666666666
2023-02-04,298,21.883333333333336
2023-02-05,342,21.77083333333333
2023-02-06,407,20.98333333333333
2023-02-07,331,22.495833333333334
2023-02-08,338,23.70833333333333
2023-02-09,343,22.54583333333333
2023-02-10,233,23.166666666666668
2023-02-11,215,23.516666666666666
2023-02-12,238,23.975
2023-02-13,223,24.05
2023-02-14,238,24.383333333333336
2023-02-15,319,25.679166666666664
2023-02-16,266,24.304166666666664
2023-02-17,382,23.195833333333336
2023-02-18,235,20.95833333333333
2023-02-19,174,22.09166666666667
2023-02-20,234,21.991666666666664
2023-02-21,377,20.6125
2023-02-22,426,20.466666666666665
2023-02-23,329,21.14583333333333
2023-02-24,488,21.191666666666663
2023-02-25,319,23.308333333333334
2023-02-26,204,23.525
2023-02-27,367,24.20833333333333
2023-02-28,315,23.9
2023-03-01,429,21.42083333333333
2023-03-02,420,20.191666666666663
2023-03-03,351,21.445833333333336
2023-03-04,275,22.4
2023-03-05,224,23.28333333333333
2023-03-06,332,23.195833333333336
2023-03-07,270,20.804166666666667
2023-03-08,362,20.679166666666667
2023-03-09,329,21.391666666666666
2023-03-10,305,21.925
2023-03-11,256,21.104166666666668
2023-03-12,188,21.59166666666667
2023-03-13,203,21.8125
2023-03-14,216,21.3
2023-03-15,280,20.8125
2023-03-16,428,20.22083333333333
2023-03-17,305,20.325
2023-03-18,284,20.391666666666666
2023-03-19,164,21.65416666666667
2023-03-20,308,19.4
2023-03-21,300,20.075
2023-03-22,268,20.33333333333333
2023-03-23,254,21.45833333333333
2023-03-24,222,22.1625
2023-03-25,217,22.05
2023-03-26,194,23.0
2023-03-27,220,23.52083333333333
2023-03-28,249,22.9875
2023-03-29,208,23.0
2023-03-30,244,21.766666666666666
2023-03-31,203,22.46666666666667
2023-04-01,200,22.9625
2023-04-02,254,20.29583333333333
2023-04-03,316,19.554166666666667
2023-04-04,225,20.39583333333333
2023-04-05,256,21.0625
2023-04-06,268,22.17083333333333
2023-04-07,283,20.65833333333333
2023-04-08,319,21.60833333333333
2023-04-09,242,21.166666666666668
2023-04-10,309,21.816666666666663
2023-04-11,335,20.89583333333333
2023-04-12,345,21.429166666666664
2023-04-13,271,20.791666666666668
2023-04-14,324,22.025
2023-04-15,301,22.03333333333333
2023-04-16,218,21.620833333333334
2023-04-17,331,21.308333333333334
2023-04-18,331,22.316666666666663
2023-04-19,281,21.516666666666666
2023-04-20,237,20.183333333333334
2023-04-21,256,20.258333333333333
2023-04-22,186,19.554166666666667
2023-04-23,132,19.716666666666665
2023-04-24,242,19.991666666666667
2023-04-25,270,21.116666666666667
2023-04-26,225,21.758333333333336
2023-04-27,241,21.17083333333333
2023-04-28,269,21.120833333333334
2023-04-29,268,20.758333333333333
2023-04-30,343,19.55
2023-05-01,299,20.425
2023-05-02,254,19.59583333333333
2023-05-03,226,19.90833333333333
2023-05-04,230,20.629166666666663
2023-05-05,185,21.6625
2023-05-06,180,20.579166666666666
2023-05-07,149,20.054166666666667
2023-05-08,198,20.28333333333333
2023-05-09,188,20.475
2023-05-10,283,20.916666666666668
2023-05-11,223,20.779166666666665
2023-05-12,240,21.0
2023-05-13,171,20.191666666666663
2023-05-14,135,19.65833333333333
2023-05-15,219,20.3125
2023-05-16,173,20.5375
2023-05-17,180,19.870833333333334
2023-05-18,221,19.40833333333333
2023-05-19,166,19.1
2023-05-20,160,18.6625
2023-05-21,189,18.375
2023-05-22,217,18.691666666666663
2023-05-23,170,18.48333333333333
2023-05-24,183,18.9375
2023-05-25,284,19.620833333333334
2023-05-26,237,19.42083333333333
2023-05-27,178,20.2125
2023-05-28,175,20.59583333333333
2023-05-29,190,20.8
2023-05-30,243,20.975
2023-05-31,214,20.67083333333333
2023-06-01,213,20.17083333333333
2023-06-02,226,20.216666666666665
2023-06-03,166,19.933333333333334
2023-06-04,137,19.09583333333333
2023-06-05,201,17.875
2023-06-06,173,19.304166666666667
2023-06-07,171,18.58333333333333
2023-06-08,195,19.166666666666668
2023-06-09,205,19.266666666666666
2023-06-10,157,19.83333333333333
2023-06-11,230,20.291666666666668
2023-06-12,264,21.433333333333334
2023-06-13,219,21.320833333333333
2023-06-14,223,21.9875
2023-06-15,243,21.216666666666665
2023-06-16,289,20.316666666666663
2023-06-17,330,18.695833333333333
2023-06-18,253,18.320833333333333
2023-06-19,215,19.08333333333333
2023-06-20,193,18.9375
2023-06-21,244,18.366666666666667
2023-06-22,193,18.329166666666666
2023-06-23,210,18.45833333333333
2023-06-24,201,17.595833333333335
2023-06-25,147,17.454166666666666
2023-06-26,254,17.991666666666667
2023-06-27,170,19.2375
2023-06-28,180,19.5125
2023-06-29,270,17.408333333333335
2023-06-30,200,18.225
2023-07-01,139,19.141666666666666
2023-07-02,164,17.541666666666668
2023-07-03,248,18.116666666666667
2023-07-04,208,18.566666666666663
2023-07-05,212,17.5625
2023-07-06,215,17.662499999999998
2023-07-07,173,17.291666666666668
2023-07-08,272,18.4125
2023-07-09,211,18.566666666666663
2023-07-10,257,19.6
2023-07-11,211,20.17083333333333
2023-07-12,182,20.820833333333333
2023-07-13,385,21.2625
2023-07-14,201,19.6125
2023-07-15,180,19.89583333333333
2023-07-16,148,21.791666666666668
2023-07-17,215,22.17083333333333
2023-07-18,228,22.254166666666663
2023-07-19,231,22.241666666666664
2023-07-20,388,20.10833333333333
2023-07-21,310,18.445833333333333
2023-07-22,213,18.079166666666666
2023-07-23,160,19.254166666666663
2023-07-24,214,19.054166666666667
2023-07-25,196,20.4125
2023-07-26,225,20.591666666666665
2023-07-27,230,19.4375
2023-07-28,182,20.633333333333333
2023-07-29,161,20.275
2023-07-30,173,20.570833333333333
2023-07-31,231,21.10833333333333
2023-08-01,195,21.354166666666668
2023-08-02,174,20.695833333333333
2023-08-03,192,20.0
2023-08-04,205,20.29583333333333
2023-08-05,154,21.0
2023-08-06,167,22.59583333333333
2023-08-07,189,22.20833333333333
2023-08-08,190,21.53333333333333
2023-08-09,243,21.34166666666667
2023-08-10,180,22.40416666666667
2023-08-11,247,22.804166666666664
2023-08-12,193,21.75
2023-08-13,136,21.71666666666667
2023-08-14,257,21.58333333333333
2023-08-15,1007,20.620833333333334
2023-08-16,223,19.825
2023-08-17,173,19.9625
2023-08-18,155,21.89583333333333
2023-08-19,209,22.370833333333334
2023-08-20,269,22.066666666666663
2023-08-21,301,20.558333333333334
2023-08-22,272,22.863636363636363
2023-08-23,243,24.004166666666663
2023-08-24,238,23.59583333333333
2023-08-25,406,24.2625
2023-08-26,479,22.72083333333333
2023-08-27,450,22.245833333333334
2023-08-28,560,20.6375
2023-08-29,408,22.054166666666664
2023-08-30,510,21.254166666666663
2023-08-31,402,22.554166666666664
2023-09-01,412,22.3375
2023-09-02,249,23.166666666666668
2023-09-03,185,24.125
2023-09-04,245,24.29583333333333
2023-09-05,313,25.820833333333336
2023-09-06,312,23.6
2023-09-07,258,21.941666666666663
2023-09-08,255,22.329166666666666
2023-09-09,206,23.275
2023-09-10,122,23.35
2023-09-11,226,22.9375
2023-09-12,205,23.025
2023-09-13,269,24.47083333333333
2023-09-14,211,23.46666666666667
2023-09-15,210,22.58333333333333
2023-09-16,238,23.079166666666666
2023-09-17,164,24.65
2023-09-18,239,25.079166666666666
2023-09-19,238,25.35
2023-09-20,216,26.5
2023-09-21,237,25.6375
2023-09-22,226,26.225
2023-09-23,157,26.64583333333333
2023-09-24,235,26.629166666666663
2023-09-25,371,26.695833333333336
2023-09-26,420,26.225
2023-09-27,320,25.370833333333334
2023-09-28,553,24.8875
2023-09-29,545,22.575
2023-09-30,271,25.10833333333333
2023-10-01,343,25.625
2023-10-02,542,21.92083333333333
2023-10-03,388,22.016666666666666
2023-10-04,333,23.383333333333336
2023-10-05,304,24.445833333333336
2023-10-06,482,23.55
2023-10-07,700,22.83333333333333
2023-10-08,336,24.15
2023-10-09,539,23.90833333333333
2023-10-10,461,25.225
2023-10-11,346,26.041666666666668
2023-10-12,326,26.830434782608695
2023-10-13,557,24.09166666666667
2023-10-14,326,24.5
2023-10-15,223,25.73333333333333
2023-10-16,297,25.566666666666663
2023-10-17,508,26.133333333333336
2023-10-18,346,25.525
2023-10-19,290,26.291666666666668
2023-10-20,369,26.4625
2023-10-21,746,23.0625
2023-10-22,452,23.741666666666664
2023-10-23,398,25.582608695652173
2023-10-24,358,24.758333333333336
2023-10-25,300,25.054166666666664
2023-10-26,288,23.695652173913043
2023-10-27,347,23.245833333333334
2023-10-28,466,22.35
2023-10-29,389,24.258333333333336
2023-10-30,338,25.46666666666667
2023-10-31,842,24.445833333333336
2023-11-01,595,23.3625
2023-11-02,551,22.7875
2023-11-03,589,22.55
2023-11-04,652,22.02916666666667
2023-11-05,328,22.90833333333333
2023-11-06,371,24.59166666666667
2023-11-07,271,25.3125
2023-11-08,272,25.2
2023-11-09,298,25.27916666666667
2023-11-10,254,24.866666666666664
2023-11-11,238,26.870833333333334
2023-11-12,218,26.0125
2023-11-13,360,26.329166666666666
2023-11-14,329,26.55
2023-11-15,295,27.620833333333334
2023-11-16,518,26.09583333333333
2023-11-17,335,26.016666666666666
2023-11-18,293,24.766666666666666
2023-11-19,301,25.34583333333333
2023-11-20,499,21.383333333333336
2023-11-21,397,21.8
2023-11-22,454,22.354166666666668
2023-11-23,604,23.35833333333333
2023-11-24,430,24.075
2023-11-25,476,23.633333333333336
2023-11-26,307,24.141666666666666
2023-11-27,693,22.016666666666666
2023-11-28,339,23.745833333333334
2023-11-29,305,23.5
2023-11-30,525,23.40833333333333
2023-12-01,485,22.183333333333334
2023-12-02,311,22.6875
2023-12-03,383,21.6125
2023-12-04,327,21.558333333333334
2023-12-05,539,21.433333333333334
2023-12-06,355,22.525
2023-12-07,340,24.53333333333333
2023-12-08,248,25.1625
2023-12-09,217,25.17083333333333
2023-12-10,151,26.65416666666667
2023-12-11,341,24.179166666666664
2023-12-12,401,22.45
2023-12-13,281,24.48333333333333
2023-12-14,144,25.96666666666667
2023-12-15,179,26.28333333333333
2023-12-16,218,25.75
2023-12-17,236,24.59583333333333
2023-12-18,316,23.83333333333333
2023-12-19,245,22.9
2023-12-20,379,22.425
2023-12-21,561,20.258333333333333
2023-12-22,314,21.254166666666663
2023-12-23,301,21.7125
2023-12-24,395,22.17083333333333
2023-12-25,347,23.67083333333333
2023-12-26,624,23.23333333333333
2023-12-27,475,22.979166666666668
2023-12-28,345,22.475
2023-12-29,482,24.09583333333333
2023-12-30,504,23.03333333333333
2023-12-31,469,22.025
2024-01-01,295,21.995833333333334
2024-01-02,338,21.1875
2024-01-03,505,20.5375
2024-01-04,376,20.375
2024-01-05,387,20.4
2024-01-06,293,21.979166666666668
2024-01-07,407,21.9875
2024-01-08,455,21.45833333333333
2024-01-09,364,21.575
2024-01-10,301,20.620833333333334
2024-01-11,358,21.3
2024-01-12,369,22.995833333333334
2024-01-13,296,22.679166666666664
2024-01-14,300,22.0375
2024-01-15,355,21.491666666666664
2024-01-16,341,22.579166666666666
2024-01-17,295,24.53333333333333
2024-01-18,297,23.991666666666664
2024-01-19,311,23.866666666666664
2024-01-20,190,24.508333333333336
2024-01-21,469,23.7875
2024-01-22,450,22.5375
2024-01-23,322,22.479166666666668
2024-01-24,339,22.004166666666663
2024-01-25,292,22.5875
2024-01-26,316,20.9375
2024-01-27,262,21.479166666666668
2024-01-28,228,21.83333333333333
2024-01-29,301,22.22083333333333
2024-01-30,301,22.754166666666663
2024-01-31,354,21.429166666666664
2024-02-01,368,21.891666666666666
2024-02-02,315,22.09166666666667
2024-02-03,248,21.929166666666664
2024-02-04,151,22.39583333333333
2024-02-05,259,22.02083333333333
2024-02-06,411,21.34166666666667
2024-02-07,296,22.65833333333333
2024-02-08,330,22.133333333333336
2024-02-09,539,22.34583333333333
2024-02-10,470,20.620833333333334
2024-02-11,274,19.370833333333334
2024-02-12,342,21.8125
2024-02-13,208,23.866666666666664
2024-02-14,286,24.245833333333334
2024-02-15,354,22.25
2024-02-16,345,21.75
2024-02-17,392,21.491666666666664
2024-02-18,323,22.058333333333334
2024-02-19,361,21.279166666666665
2024-02-20,347,20.40833333333333
2024-02-21,332,20.75
2024-02-22,285,21.825
2024-02-23,302,21.675
2024-02-24,252,22.96666666666667
2024-02-25,223,23.304166666666664
2024-02-26,261,23.008333333333336
2024-02-27,221,22.92083333333333
2024-02-28,248,23.991666666666664
2024-02-29,259,24.79583333333333
2024-03-01,295,23.9625
2024-03-02,435,22.9875
2024-03-03,307,21.2375
2024-03-04,319,21.125
2024-03-05,297,21.9875
2024-03-06,384,22.98695652173913
2024-03-07,251,23.175
2024-03-08,178,24.620833333333334
2024-03-09,217,23.695833333333336
2024-03-10,294,23.075
2024-03-11,294,22.954166666666666
2024-03-12,312,23.90416666666667
2024-03-13,575,23.8875
2024-03-14,321,22.3
2024-03-15,280,24.55
2024-03-16,191,24.9875
2024-03-17,153,22.95
2024-03-18,322,23.62608695652174
2024-03-19,330,24.1125
2024-03-20,295,23.679166666666664
2024-03-21,292,23.025
2024-03-22,272,22.325
2024-03-23,272,21.079166666666666
2024-03-24,223,21.6875
2024-03-25,270,21.475
2024-03-26,252,21.641666666666666
2024-03-27,279,21.425
2024-03-28,424,21.266666666666666
2024-03-29,169,22.40416666666667
2024-03-30,307,22.9375
2024-03-31,254,23.0875
2024-04-01,286,23.204166666666666
2024-04-02,397,20.8875
2024-04-03,333,22.0375
2024-04-04,304,21.85833333333333
2024-04-05,306,22.7125
2024-04-06,217,22.4625
2024-04-07,151,22.133333333333336
2024-04-08,227,22.9125
2024-04-09,250,23.4625
2024-04-10,264,22.625
2024-04-11,281,20.683333333333334
2024-04-12,285,20.754166666666663
2024-04-13,241,22.629166666666663
2024-04-14,178,22.604166666666668
2024-04-15,208,22.3875
2024-04-16,238,22.695833333333336
2024-04-17,208,23.433333333333334
2024-04-18,206,23.72083333333333
2024-04-19,246,23.325
2024-04-20,153,23.325
2024-04-21,147,21.754166666666663
2024-04-22,174,21.5
2024-04-23,186,23.166666666666668
2024-04-24,219,22.525
2024-04-25,534,23.5125
2024-04-26,197,23.17083333333333
2024-04-27,164,22.758333333333336
2024-04-28,111,22.55
2024-04-29,201,23.558333333333334
2024-04-30,216,23.391666666666666
2024-05-01,190,23.979166666666668
2024-05-02,208,22.754166666666663
2024-05-03,206,23.129166666666663
2024-05-04,183,22.883333333333336
2024-05-05,128,21.9875
2024-05-06,221,21.6875
2024-05-07,226,21.525
2024-05-08,186,21.666666666666668
2024-05-09,182,21.1875
2024-05-10,188,20.304166666666667
2024-05-11,182,21.1125
2024-05-12,147,21.09583333333333
2024-05-13,191,21.454166666666666
2024-05-14,183,22.60833333333333
2024-05-15,183,22.379166666666663
2024-05-16,213,21.2375
2024-05-17,224,20.933333333333334
2024-05-18,165,21.266666666666666
2024-05-19,137,20.60833333333333
2024-05-20,199,21.229166666666668
2024-05-21,226,22.004166666666663
2024-05-22,202,20.808333333333334
2024-05-23,152,20.97083333333333
2024-05-24,240,20.591666666666665
2024-05-25,162,20.466666666666665
2024-05-26,119,21.433333333333334
2024-05-27,178,20.745833333333334
2024-05-28,225,20.241666666666667
2024-05-29,220,20.295652173913044
2024-05-30,187,19.604347826086958
2024-05-31,218,19.475
2024-06-01,220,19.366666666666667
2024-06-02,153,18.729166666666668
2024-06-03,229,18.995833333333334
2024-06-04,194,19.89583333333333
2024-06-05,204,19.41304347826087
2024-06-06,164,19.15
2024-06-07,201,19.816666666666663
2024-06-08,198,20.3
2024-06-09,126,19.991666666666667
2024-06-10,163,19.90833333333333
2024-06-11,221,20.075
2024-06-12,207,19.758333333333333
2024-06-13,203,20.133333333333333
2024-06-14,150,20.620833333333334
2024-06-15,146,19.25
2024-06-16,176,19.20833333333333
2024-06-17,209,18.633333333333333
2024-06-18,175,19.85833333333333
2024-06-19,171,19.2875
2024-06-20,179,19.841666666666665
2024-06-21,186,19.054166666666667
2024-06-22,176,20.35217391304348
2024-06-23,153,19.275
2024-06-24,213,19.66521739130435
2024-06-25,217,20.266666666666666
2024-06-26,245,19.995833333333334
2024-06-27,203,19.029166666666665
2024-06-28,228,19.375
2024-06-29,178,19.85909090909091
2024-06-30,133,19.430434782608696
2024-07-01,219,19.604347826086958
2024-07-02,159,19.508333333333333
2024-07-03,183,19.191666666666663
2024-07-04,190,19.60833333333333
2024-07-05,189,19.3625
2024-07-06,147,19.879166666666663
2024-07-07,158,20.808333333333334
2024-07-08,190,20.004166666666663
2024-07-09,207,20.5
2024-07-10,256,21.208695652173912
2024-07-11,174,21.604545454545452
2024-07-12,177,20.875
2024-07-13,167,18.691666666666663
2024-07-14,134,18.391666666666666
2024-07-15,179,18.275
2024-07-16,188,18.7625
2024-07-17,187,19.221739130434784
2024-07-18,226,19.830434782608695
2024-07-19,173,19.091666666666665
2024-07-20,187,18.4625
2024-07-21,156,18.75
2024-07-22,198,19.479166666666668
2024-07-23,230,19.8125
2024-07-24,252,19.78333333333333
2024-07-25,206,18.55
2024-07-26,173,19.10833333333333
2024-07-27,185,19.175
2024-07-28,156,20.841666666666665
2024-07-29,200,20.641666666666666
2024-07-30,244,22.59583333333333
2024-07-31,184,21.42083333333333
2024-08-01,265,19.854166666666668
2024-08-02,197,18.90833333333333
2024-08-03,195,19.59583333333333
2024-08-04,169,20.225
2024-08-05,215,20.279166666666665
2024-08-06,165,20.129166666666663
2024-08-07,205,19.9125
2024-08-08,245,19.73333333333333
2024-08-09,313,20.66086956521739
2024-08-10,194,19.379166666666663
2024-08-11,191,19.175
2024-08-12,259,20.025
2024-08-13,260,19.225
2024-08-14,221,21.139130434782608
2024-08-15,249,22.991666666666664
2024-08-16,455,23.20434782608696
2024-08-17,185,22.554166666666664
2024-08-18,172,21.925
2024-08-19,199,22.370833333333334
2024-08-20,274,22.445833333333336
2024-08-21,238,23.03333333333333
2024-08-22,197,23.22083333333333
2024-08-23,214,23.675
2024-08-24,264,24.166666666666668
2024-08-25,183,22.426086956521736
2024-08-26,247,19.89583333333333
2024-08-27,220,21.97391304347826
2024-08-28,225,22.508333333333336
2024-08-29,228,21.320833333333333
2024-08-30,191,21.45
2024-08-31,178,22.15833333333333
2024-09-01,229,23.29583333333333
2024-09-02,215,23.71666666666667
2024-09-03,279,23.808333333333334
2024-09-04,268,23.995833333333334
2024-09-05,217,24.70434782608696
2024-09-06,224,26.04583333333333
2024-09-07,252,24.316666666666663
2024-09-08,274,22.829166666666666
2024-09-09,225,23.3
2024-09-10,237,23.28333333333333
2024-09-11,251,23.48333333333333
2024-09-12,233,24.025
2024-09-13,211,24.2625
2024-09-14,180,24.929166666666664
2024-09-15,162,24.9875
2024-09-16,265,25.54583333333333
2024-09-17,241,25.3
2024-09-18,314,25.90833333333333
2024-09-19,207,25.02083333333333
2024-09-20,245,24.85833333333333
2024-09-21,185,25.3625
2024-09-22,144,27.004166666666663
2024-09-23,210,26.754166666666663
2024-09-24,189,26.7
2024-09-25,269,26.84583333333333
2024-09-26,221,26.45
2024-09-27,230,26.20833333333333
2024-09-28,356,26.6125
2024-09-29,225,25.14583333333333
2024-09-30,273,24.616666666666664
2024-10-01,252,25.2125
2024-10-02,219,25.179166666666664
2024-10-03,238,26.979166666666668
2024-10-04,278,28.604166666666668
2024-10-05,289,27.758333333333336
2024-10-06,203,27.53333333333333
2024-10-07,514,26.1125
2024-10-08,636,25.429166666666664
2024-10-09,529,25.7875
2024-10-10,1059,23.03333333333333
2024-10-11,1127,23.691666666666663
2024-10-12,682,22.5875
2024-10-13,367,24.675
2024-10-14,521,24.35
2024-10-15,389,20.8625
2024-10-16,471,20.854166666666668
2024-10-17,506,19.6125
2024-10-18,533,20.241666666666667
2024-10-19,470,20.4
2024-10-20,353,21.03333333333333
2024-10-21,391,22.308333333333334
2024-10-22,482,21.64583333333333
2024-10-23,489,21.77083333333333
2024-10-24,491,22.375
2024-10-25,521,21.31304347826087
2024-10-26,264,23.98333333333333
2024-10-27,433,22.991666666666664
2024-10-28,327,23.45833333333333
2024-10-29,362,22.066666666666663
2024-10-30,316,20.85833333333333
2024-10-31,265,19.891666666666666
2024-11-01,228,20.6
2024-11-02,272,21.77083333333333
2024-11-03,210,22.29583333333333
2024-11-04,344,23.495833333333334
2024-11-05,469,19.33333333333333
2024-11-06,338,21.425
2024-11-07,358,21.191666666666663
2024-11-08,515,19.9875
2024-11-09,335,20.2625
2024-11-10,257,21.925
2024-11-11,378,21.154166666666665
2024-11-12,306,22.20833333333333
2024-11-13,310,21.491666666666664
2024-11-14,308,19.9125
2024-11-15,351,18.95
2024-11-16,343,21.225
2024-11-17,288,19.791666666666668
2024-11-18,432,22.15
2024-11-19,465,22.53333333333333
2024-11-20,335,23.42083333333333
2024-11-21,638,22.945833333333336
2024-11-22,533,21.45
2024-11-23,427,21.7125
2024-11-24,305,21.141666666666666
2024-11-25,342,20.95833333333333
2024-11-26,441,22.0125
2024-11-27,281,22.77083333333333
2024-11-28,325,23.2375
2024-11-29,282,22.575
2024-11-30,232,23.679166666666664
2024-12-01,272,22.83333333333333
2024-12-02,326,21.925
2024-12-03,346,22.27916666666667
2024-12-04,295,22.2875
2024-12-05,312,22.0
2024-12-06,468,23.565217391304348
2024-12-07,249,24.870833333333334
2024-12-08,302,24.33478260869565
2024-12-09,370,22.925
2024-12-10,459,24.0375
2024-12-11,404,23.1625
2024-12-12,328,21.704166666666666
2024-12-13,399,22.6375
2024-12-14,481,22.8375
2024-12-15,369,20.566666666666663
2024-12-16,439,21.791666666666668
2024-12-17,401,21.27083333333333
2024-12-18,321,21.85833333333333
2024-12-19,581,22.79583333333333
2024-12-20,376,22.7
2024-12-21,420,22.066666666666663
2024-12-22,299,20.154166666666665
2024-12-23,359,21.445833333333336
2024-12-24,615,20.866666666666667
2024-12-25,380,21.0
2024-12-26,440,21.058333333333334
2024-12-27,419,21.504166666666663
2024-12-28,255,22.120833333333334
2024-12-29,267,20.891666666666666
2024-12-30,520,21.108695652173918
2024-12-31,443,21.175
2025-01-01,255,21.15
2025-01-02,311,22.304166666666664
2025-01-03,309,22.9
2025-01-04,279,23.34583333333333
2025-01-05,343,21.9375
2025-01-06,453,21.279166666666665
2025-01-07,356,22.754166666666663
2025-01-08,374,21.820833333333336
2025-01-09,409,19.641666666666666
2025-01-10,348,20.3875
2025-01-11,289,22.58333333333333
2025-01-12,252,21.65416666666667
2025-01-13,346,20.633333333333333
2025-01-14,419,20.0
2025-01-15,374,20.6375
2025-01-16,316,19.875
2025-01-17,338,21.03333333333333
2025-01-18,305,22.70833333333333
2025-01-19,313,21.175
2025-01-20,358,20.9
2025-01-21,398,20.65652173913044
2025-01-22,734,23.4
2025-01-23,1017,22.83333333333333
2025-01-24,550,23.675
2025-01-25,340,24.17083333333333
2025-01-26,247,23.47391304347826
2025-01-27,357,22.075
2025-01-28,334,22.20833333333333
2025-01-29,483,22.308333333333334
2025-01-30,366,21.7625
2025-01-31,474,21.17083333333333
2025-02-01,290,20.83333333333333
2025-02-02,333,20.75
2025-02-03,289,21.4125
2025-02-04,346,21.854166666666668
2025-02-05,269,23.0
2025-02-06,228,23.1875
2025-02-07,199,23.58333333333333
2025-02-08,289,22.991666666666664
2025-02-09,219,22.15833333333333
2025-02-10,275,22.375
2025-02-11,384,20.90869565217391
2025-02-12,319,21.175
2025-02-13,310,23.075
2025-02-14,297,23.579166666666666
2025-02-15,325,23.329166666666666
2025-02-16,281,21.4625
2025-02-17,350,22.825
2025-02-18,285,23.866666666666664
2025-02-19,273,24.025
2025-02-20,251,24.40833333333333
2025-02-21,237,23.575
2025-02-22,220,24.104166666666668
2025-02-23,156,24.0875
2025-02-24,374,23.704166666666666
2025-02-25,378,21.725
2025-02-26,305,23.03333333333333
2025-02-27,302,23.64782608695652
2025-02-28,227,23.354166666666668
2025-03-01,287,22.23478260869565
2025-03-02,189,21.558333333333334
2025-03-03,206,22.9375
2025-03-04,273,23.3
2025-03-05,321,22.4875
2025-03-06,270,21.969565217391303
2025-03-07,323,22.870833333333334
2025-03-08,182,23.633333333333336
2025-03-09,156,23.64583333333333
2025-03-10,257,24.316666666666663
2025-03-11,341,24.079166666666666
2025-03-12,380,23.3
2025-03-13,405,22.77916666666667
2025-03-14,1022,23.258333333333336
2025-03-15,418,23.4
2025-03-16,192,24.59166666666667
2025-03-17,272,23.791666666666668
2025-03-18,319,23.8875
2025-03-19,388,23.5
2025-03-20,440,22.625
2025-03-21,365,21.59565217391304
2025-03-22,347,21.775
2025-03-23,294,21.2625
2025-03-24,328,21.141666666666666
2025-03-25,323,21.9625
2025-03-26,351,21.475
2025-03-27,320,21.59583333333333
2025-03-28,297,21.90416666666667
2025-03-29,261,22.9
2025-03-30,214,23.9125
2025-03-31,252,23.629166666666663
2025-04-01,206,24.08333333333333
2025-04-02,230,23.95
2025-04-03,266,23.945833333333336
2025-04-04,239,23.191666666666663
2025-04-05,288,22.433333333333334
2025-04-06,174,22.28333333333333
2025-04-07,276,20.64166666666667
2025-04-08,246,20.941666666666663
2025-04-09,349,21.979166666666668
2025-04-10,346,20.979166666666668
2025-04-11,339,22.375
2025-04-12,246,22.745833333333334
2025-04-13,241,22.816666666666663
2025-04-14,374,21.20833333333333
2025-04-15,314,21.078260869565216
2025-04-16,237,21.541666666666668
2025-04-17,375,21.933333333333334
2025-04-18,370,21.08333333333333
2025-04-19,288,21.633333333333336
2025-04-20,145,22.425
2025-04-21,242,22.495833333333334
2025-04-22,321,21.90833333333333
2025-04-23,241,22.54583333333333
2025-04-24,271,22.916666666666668
2025-04-25,322,21.933333333333334
2025-04-26,330,22.0375
2025-04-27,297,21.516666666666666
2025-04-28,376,20.566666666666663
2025-04-29,355,21.366666666666664
2025-04-30,310,22.15416666666667
2025-05-01,224,21.2625
2025-05-02,269,21.191304347826087
2025-05-03,244,20.65833333333333
2025-05-04,182,20.104166666666668
2025-05-05,189,19.9
2025-05-06,195,21.195833333333333
2025-05-07,192,21.791666666666668
2025-05-08,271,21.83333333333333
2025-05-09,234,21.4875
2025-05-10,192,21.0625
2025-05-11,126,21.443478260869565
2025-05-12,243,22.3125
2025-05-13,237,19.654166666666665
2025-05-14,223,18.508333333333333
2025-05-15,258,18.85
2025-05-16,220,18.47083333333333
2025-05-17,237,18.39583333333333
2025-05-18,233,18.604166666666668
2025-05-19,358,19.35652173913044
2025-05-20,241,19.008333333333333
2025-05-21,255,19.230434782608697
2025-05-22,257,19.9875
2025-05-23,222,20.266666666666666
2025-05-24,232,20.78333333333333
2025-05-25,194,20.05
2025-05-26,242,19.025
2025-05-27,219,19.454166666666666
2025-05-28,286,19.558333333333334
2025-05-29,193,19.65
2025-05-30,268,18.745833333333334
2025-05-31,206,20.0125
