data,real,Completo,Histórico + calendário,Clima + calendário,Somente histórico,Somente calendário,Persistência
2024-06-01,220.0,196.53217,197.85042,171.15244,218.79764,158.1221,218.0
2024-06-02,153.0,169.36757,177.93294,137.36455,215.5952,137.22913,220.0
2024-06-03,229.0,193.33655,214.80087,175.91719,180.24983,183.84113,153.0
2024-06-04,194.0,213.89923,218.06868,184.43613,222.7347,180.31981,229.0
2024-06-05,204.0,213.45267,213.19539,183.72102,211.13116,180.87053,194.0
2024-06-06,164.0,213.41312,219.71198,180.20349,222.16702,182.86533,204.0
2024-06-07,201.0,193.52963,180.23354,174.71812,196.04654,178.10773,164.0
2024-06-08,198.0,180.64783,182.14262,150.52328,194.9517,154.82591,201.0
2024-06-09,126.0,171.50102,175.47797,139.09187,202.0953,136.32169,198.0
2024-06-10,163.0,194.84181,198.16034,181.0523,172.70042,187.6524,126.0
2024-06-11,221.0,175.38918,177.89468,183.408,176.28723,187.04907,163.0
2024-06-12,207.0,204.69704,204.48962,185.74104,203.63388,183.83923,221.0
2024-06-13,203.0,208.53632,213.45024,180.37007,216.19196,188.42072,207.0
2024-06-14,150.0,198.66559,203.94945,167.17464,212.74507,183.66312,203.0
2024-06-15,146.0,179.86397,163.58853,155.2099,189.58119,161.02757,150.0
2024-06-16,176.0,147.82272,138.96454,135.23547,169.64471,140.15175,146.0
2024-06-17,209.0,168.16566,186.6226,167.46477,157.07422,187.42113,176.0
2024-06-18,175.0,199.97086,200.81267,178.46751,206.15613,183.57422,209.0
2024-06-19,171.0,192.87093,191.40436,184.6476,197.8343,183.2028,175.0
2024-06-20,179.0,188.39325,187.68361,184.16362,193.2081,185.1976,171.0
2024-06-21,186.0,195.47319,186.27864,180.86082,199.35751,180.20883,179.0
2024-06-22,176.0,165.05562,165.36548,156.34119,184.00319,156.70256,186.0
2024-06-23,153.0,153.8196,152.72469,151.10234,181.60265,137.19196,176.0
2024-06-24,213.0,196.69537,214.9633,186.67665,174.67915,184.46133,153.0
2024-06-25,217.0,206.29741,207.77101,199.52159,205.26364,182.87782,213.0
2024-06-26,245.0,204.4395,208.07368,193.70459,202.95471,182.97163,217.0
2024-06-27,203.0,227.91145,227.83786,204.87112,231.1243,185.22398,245.0
2024-06-28,228.0,227.21838,210.9524,200.98181,215.88737,180.46638,203.0
2024-06-29,178.0,206.12936,202.2099,192.36584,227.15903,156.96011,228.0
2024-06-30,133.0,183.12772,167.73418,167.77388,207.43251,138.4881,178.0
2024-07-01,219.0,220.24248,220.82683,207.66393,181.0646,185.75748,133.0
2024-07-02,159.0,223.04262,219.77687,191.4557,220.38745,183.92816,219.0
2024-07-03,183.0,181.56908,179.39615,191.96474,183.5782,183.88939,159.0
2024-07-04,190.0,191.23482,190.89844,191.87973,191.46608,186.53381,183.0
2024-07-05,189.0,207.68097,196.43024,192.86417,204.16718,181.55637,190.0
2024-07-06,147.0,181.05554,179.65872,168.11023,200.82535,161.16734,189.0
2024-07-07,158.0,148.55817,142.66779,152.21802,176.5245,143.10524,147.0
2024-07-08,190.0,184.32071,196.87527,193.98935,160.99263,190.02539,158.0
2024-07-09,207.0,192.35002,190.21727,212.92546,188.2504,184.54207,190.0
2024-07-10,256.0,204.14764,203.66512,206.8678,207.27321,184.5033,207.0
2024-07-11,174.0,234.73447,241.6916,215.15393,251.11626,187.14772,256.0
2024-07-12,177.0,188.56534,179.97089,212.5128,184.09286,183.90604,174.0
2024-07-13,167.0,178.27509,175.46542,170.8238,207.37172,162.95583,177.0
2024-07-14,134.0,146.60179,149.43224,149.19215,185.73444,143.55493,167.0
2024-07-15,179.0,171.83264,181.78769,186.6073,152.72308,190.75891,134.0
2024-07-16,188.0,176.13106,182.59618,182.18275,181.24234,185.38,179.0
2024-07-17,187.0,188.84645,190.27206,183.90862,198.60693,185.34123,188.0
2024-07-18,226.0,195.57137,198.6548,185.46486,196.97746,187.67244,187.0
2024-07-19,173.0,204.05098,205.72292,192.67444,205.67567,183.88286,226.0
2024-07-20,187.0,163.97858,164.63776,164.19109,185.49466,162.5898,173.0
2024-07-21,156.0,166.39368,163.71043,157.38675,190.13681,142.21931,187.0
2024-07-22,198.0,208.9198,205.47025,181.6246,170.13583,189.28374,156.0
2024-07-23,230.0,191.38356,194.68756,188.2336,189.30403,182.49239,198.0
2024-07-24,252.0,207.56357,213.3402,186.57481,214.2433,182.45361,230.0
2024-07-25,206.0,213.52852,242.41959,179.56107,244.6385,185.09804,252.0
2024-07-26,173.0,213.37962,212.70709,190.73941,209.64452,180.61539,206.0
2024-07-27,185.0,179.55539,172.5813,164.31522,195.9375,161.71895,173.0
2024-07-28,156.0,202.15526,164.24094,185.80824,198.96382,142.31805,185.0
2024-07-29,200.0,188.21077,207.2342,190.63483,170.21893,187.10826,156.0
2024-07-30,244.0,190.89911,198.71661,201.45308,192.04143,181.74965,200.0
2024-07-31,184.0,214.82668,220.19746,204.28874,220.19154,181.71088,244.0
2024-08-01,265.0,191.57565,201.61176,200.66785,203.68285,184.3553,184.0
2024-08-02,197.0,213.7149,239.19466,194.89403,247.16724,185.7569,265.0
2024-08-03,195.0,170.90744,186.3673,172.38164,202.59634,171.55278,197.0
2024-08-04,169.0,162.27888,175.08504,134.00615,203.88152,152.10446,195.0
2024-08-05,215.0,211.75642,225.36282,173.45087,193.39622,201.21698,169.0
2024-08-06,165.0,187.79039,215.3777,167.89702,208.39484,193.08083,215.0
2024-08-07,205.0,181.21909,184.76318,182.62378,190.894,183.89436,165.0
2024-08-08,245.0,204.55977,206.84811,192.0701,207.53804,187.45529,205.0
2024-08-09,313.0,218.82222,219.59718,188.71017,219.4368,183.11966,245.0
2024-08-10,194.0,233.16364,219.63725,175.11569,259.71634,168.67343,313.0
2024-08-11,191.0,187.50008,179.79155,178.8632,208.8959,144.75021,194.0
2024-08-12,259.0,262.30566,245.11163,216.53157,210.9888,194.51404,191.0
2024-08-13,260.0,274.78943,272.94855,212.81207,259.3307,192.29353,259.0
2024-08-14,221.0,234.98882,264.8091,202.2115,241.6209,198.64479,260.0
2024-08-15,249.0,220.82822,229.51479,202.75099,220.37543,196.47202,221.0
2024-08-16,455.0,224.1393,238.7429,190.94368,237.6288,192.02634,249.0
2024-08-17,185.0,410.84396,391.38968,166.12383,379.72537,181.93643,455.0
2024-08-18,172.0,170.37302,180.4717,143.96657,211.22174,163.46661,185.0
2024-08-19,199.0,233.40103,264.83392,202.87541,243.80489,213.08206,172.0
2024-08-20,274.0,214.19997,214.95201,200.74664,200.90822,208.03793,199.0
2024-08-21,238.0,234.54288,236.64052,197.37573,226.65794,195.65958,274.0
2024-08-22,197.0,235.39445,227.40646,180.62646,219.99893,193.7582,238.0
2024-08-23,214.0,218.18765,207.50392,186.06401,204.55048,189.02953,197.0
2024-08-24,264.0,226.94092,219.40617,159.3652,236.86798,181.67911,214.0
2024-08-25,183.0,238.01523,213.11882,151.9631,243.10951,166.28111,264.0
2024-08-26,247.0,268.8133,239.51208,241.25949,195.3344,219.1668,183.0
2024-08-27,220.0,305.52417,241.64798,429.5446,230.38475,221.33252,247.0
2024-08-28,225.0,279.75217,230.92587,381.93744,223.79855,210.32378,220.0
2024-08-29,228.0,242.70303,228.07652,302.77554,217.91766,212.10225,225.0
2024-08-30,191.0,238.94891,236.09119,257.35446,242.02225,204.73738,228.0
2024-08-31,178.0,206.69775,204.49419,240.72421,208.14433,189.27039,191.0
2024-09-01,229.0,218.80682,180.52618,218.43175,201.35812,150.64548,178.0
2024-09-02,215.0,287.8262,271.32507,259.99326,219.2653,187.70207,229.0
2024-09-03,279.0,289.66077,224.23451,291.5013,213.68634,186.57262,215.0
2024-09-04,268.0,324.48715,267.5308,364.82376,260.17422,184.24977,279.0
2024-09-05,217.0,316.78375,262.9754,389.89786,239.93797,175.32587,268.0
2024-09-06,224.0,268.35458,228.37933,302.71436,220.46622,175.90408,217.0
2024-09-07,252.0,256.02493,210.9567,246.29211,229.58022,159.40074,224.0
2024-09-08,274.0,265.75137,205.17822,256.63205,244.44496,131.998,252.0
2024-09-09,225.0,325.6638,289.71606,295.456,235.1641,178.74644,274.0
2024-09-10,237.0,270.60492,231.4858,282.60532,221.2622,181.98737,225.0
2024-09-11,251.0,274.78903,251.80215,287.90277,252.33678,186.85567,237.0
2024-09-12,233.0,278.30246,251.88354,292.32587,241.18501,185.08739,251.0
2024-09-13,211.0,280.32617,238.41986,279.3266,234.33617,184.49979,233.0
2024-09-14,180.0,279.83322,216.44038,274.47186,224.67569,172.64908,211.0
2024-09-15,162.0,330.9117,201.17099,308.35568,207.59882,148.4518,180.0
2024-09-16,265.0,485.43326,253.78569,542.01825,198.25635,357.56033,162.0
2024-09-17,241.0,364.71365,246.52095,514.13654,238.15923,236.3269,265.0
2024-09-18,314.0,331.23355,222.36668,485.8487,215.20488,232.163,241.0
2024-09-19,207.0,401.41595,288.80154,448.94257,276.331,233.58153,314.0
2024-09-20,245.0,413.8984,237.07198,487.1164,229.33626,255.00931,207.0
2024-09-21,185.0,355.44016,239.22697,464.75546,244.06091,245.74297,245.0
2024-09-22,144.0,339.23624,183.87946,395.16483,211.26146,222.83789,185.0
2024-09-23,210.0,462.39545,249.55283,448.57254,187.13768,276.11508,144.0
2024-09-24,189.0,367.3102,224.25293,493.75616,211.39494,277.77966,210.0
2024-09-25,269.0,385.4024,201.51173,535.2865,194.15665,295.1756,189.0
2024-09-26,221.0,342.2085,254.9084,451.7473,242.45499,334.68967,269.0
2024-09-27,230.0,368.97058,223.68608,486.11572,216.3106,317.9901,221.0
2024-09-28,356.0,353.65994,217.43925,477.03436,231.93547,288.21252,230.0
2024-09-29,225.0,424.92502,282.10385,470.68735,302.11542,237.21362,356.0
2024-09-30,273.0,503.19772,281.47498,510.8401,242.60542,273.37112,225.0
2024-10-01,252.0,402.59457,283.6439,523.4716,273.04922,250.00365,273.0
2024-10-02,219.0,336.2289,269.25323,390.0632,255.72737,255.2102,252.0
2024-10-03,238.0,337.18658,244.3813,365.6046,225.93416,246.44763,219.0
2024-10-04,278.0,341.27753,241.9528,367.07974,237.69699,240.88347,238.0
2024-10-05,289.0,345.80527,276.4821,336.9508,269.1104,266.59152,278.0
2024-10-06,203.0,416.49048,267.20352,435.0642,274.71002,221.8735,289.0
2024-10-07,514.0,500.07343,279.56235,434.97083,226.2658,277.982,203.0
2024-10-08,636.0,496.23016,470.72174,504.91336,460.59702,305.42905,514.0
2024-10-09,529.0,552.55334,441.16577,526.00934,434.5822,282.67004,636.0
2024-10-10,1059.0,488.95114,389.3265,473.0284,356.13934,280.29688,529.0
2024-10-11,1127.0,567.6803,437.376,433.6205,449.81107,271.92523,1059.0
2024-10-12,682.0,445.19073,452.89502,311.18103,500.92062,274.58633,1127.0
2024-10-13,367.0,433.52036,405.10016,258.83652,440.9534,225.04933,682.0
2024-10-14,521.0,394.53726,450.5039,256.95966,365.12283,289.02115,367.0
2024-10-15,389.0,567.1292,589.7348,468.3378,606.6642,290.60767,521.0
2024-10-16,471.0,399.6327,396.1243,363.9534,396.06622,271.41745,389.0
2024-10-17,506.0,421.65726,442.38843,386.6805,402.00507,265.1769,471.0
2024-10-18,533.0,454.89377,494.52435,342.63956,540.0679,261.39484,506.0
2024-10-19,470.0,433.03128,499.5901,339.90887,526.46704,295.0335,533.0
2024-10-20,353.0,412.38077,376.78024,329.0565,410.19415,299.23508,470.0
2024-10-21,391.0,372.12277,430.51685,315.56528,393.36475,357.65298,353.0
2024-10-22,482.0,410.35684,385.0275,322.32208,359.60144,336.1823,391.0
2024-10-23,489.0,366.3033,483.84943,302.06555,483.02435,285.47302,482.0
2024-10-24,491.0,396.45068,471.21027,284.82733,440.1214,283.7714,489.0
2024-10-25,521.0,429.06488,468.2158,311.79602,426.15027,297.02026,491.0
2024-10-26,264.0,390.46484,441.12918,316.49503,411.8788,292.82343,521.0
2024-10-27,433.0,290.17065,267.08536,296.93564,294.1092,251.59836,264.0
2024-10-28,327.0,469.57037,420.16962,347.3255,395.27402,327.98795,433.0
2024-10-29,362.0,365.29486,387.9265,314.48077,387.7215,356.79755,327.0
2024-10-30,316.0,371.26746,373.9369,303.22968,335.64563,317.55447,362.0
2024-10-31,265.0,330.60822,369.07986,276.44144,345.06186,356.31442,316.0
2024-11-01,228.0,299.11078,311.83838,290.30383,318.47284,315.14496,265.0
2024-11-02,272.0,246.22603,265.67957,259.50183,282.2444,323.1581,228.0
2024-11-03,210.0,240.17854,249.62,211.21379,284.15433,274.01593,272.0
2024-11-04,344.0,254.57811,263.47003,238.59236,232.16595,299.44193,210.0
2024-11-05,469.0,330.06253,328.0223,243.665,299.44238,314.12152,344.0
2024-11-06,338.0,441.22742,499.0029,313.23557,449.6347,348.1764,469.0
2024-11-07,358.0,331.0218,342.4738,272.164,336.12244,365.8084,338.0
2024-11-08,515.0,333.71317,378.00183,281.5054,342.43402,338.37537,358.0
2024-11-09,335.0,429.74545,450.6962,320.81445,445.78857,301.03885,515.0
2024-11-10,257.0,311.70483,322.32104,261.35333,337.3228,235.83835,335.0
2024-11-11,378.0,353.2184,366.08365,321.50665,280.62842,299.21976,257.0
2024-11-12,306.0,358.1066,398.4133,324.269,384.16724,316.2386,378.0
2024-11-13,310.0,342.79327,359.96558,303.35303,335.05685,311.82333,306.0
2024-11-14,308.0,345.78683,342.39853,338.4458,299.55975,334.26428,310.0
2024-11-15,351.0,299.05194,332.44724,271.85104,315.30652,354.34085,308.0
2024-11-16,343.0,314.90955,337.67035,275.6013,337.3558,324.53732,351.0
2024-11-17,288.0,296.89053,307.48303,220.41814,330.7037,255.83223,343.0
2024-11-18,432.0,328.45648,386.6798,285.12192,307.68414,337.04028,288.0
2024-11-19,465.0,388.84985,449.0858,287.04947,398.77878,320.4273,432.0
2024-11-20,335.0,496.00543,478.80658,380.51135,373.2832,323.88507,465.0
2024-11-21,638.0,384.43546,373.90292,346.61444,350.55386,330.20242,335.0
2024-11-22,533.0,635.645,523.84766,391.83463,455.32007,320.5993,638.0
2024-11-23,427.0,442.2059,476.16635,334.7367,437.07443,316.7008,533.0
2024-11-24,305.0,351.7753,345.6473,313.20447,359.78265,263.02835,427.0
2024-11-25,342.0,371.1222,478.50977,319.12143,392.87512,429.50195,305.0
2024-11-26,441.0,334.14072,414.1748,228.05551,363.67212,321.19086,342.0
2024-11-27,281.0,407.8069,428.72086,262.88626,385.95322,327.54193,441.0
2024-11-28,325.0,336.65146,350.06567,330.8545,300.25598,366.40125,281.0
2024-11-29,282.0,378.28632,349.56348,332.9551,322.4756,352.50522,325.0
2024-11-30,232.0,352.08707,316.9516,323.74777,339.23578,309.71585,282.0
2024-12-01,272.0,279.383,224.31982,394.3899,244.63646,229.91772,232.0
2024-12-02,326.0,334.38522,329.9001,338.44943,266.70038,255.62122,272.0
2024-12-03,346.0,340.50058,329.47397,312.93835,295.7578,299.5435,326.0
2024-12-04,295.0,377.57135,336.36758,381.94528,333.68942,322.51007,346.0
2024-12-05,312.0,330.23514,327.76794,336.8462,301.10446,343.48267,295.0
2024-12-06,468.0,332.41986,351.15344,313.94257,325.39374,340.92807,312.0
2024-12-07,249.0,438.0055,441.56326,357.68445,405.6985,320.32132,468.0
2024-12-08,302.0,250.56886,227.53973,346.17908,240.9098,275.91702,249.0
2024-12-09,370.0,411.98438,383.0053,340.93988,359.5879,300.31534,302.0
2024-12-10,459.0,436.98105,394.1716,423.68463,347.10013,338.03998,370.0
2024-12-11,404.0,463.35928,410.7558,398.57233,375.18494,313.43848,459.0
2024-12-12,328.0,423.73096,388.914,356.4523,373.6385,330.39224,404.0
2024-12-13,399.0,366.17413,347.9301,382.8488,357.60825,282.64224,328.0
2024-12-14,481.0,414.329,347.28586,357.59216,349.8787,276.31558,399.0
2024-12-15,369.0,409.2985,382.59506,408.49442,377.42114,218.86452,481.0
2024-12-16,439.0,340.1522,376.18152,340.79013,340.66287,268.3922,369.0
2024-12-17,401.0,415.88065,423.33694,341.47934,421.12115,272.09427,439.0
2024-12-18,321.0,378.61838,367.67624,359.72977,371.2392,243.20776,401.0
2024-12-19,581.0,334.68024,343.1729,283.79434,331.42865,299.0432,321.0
2024-12-20,376.0,552.8857,402.97217,394.50146,399.7597,278.04324,581.0
2024-12-21,420.0,409.55954,371.46088,340.4816,338.1553,339.4444,376.0
2024-12-22,299.0,380.96887,353.3106,310.76364,345.45035,368.43118,420.0
2024-12-23,359.0,382.21146,448.24533,335.4458,385.70685,464.26865,299.0
2024-12-24,615.0,383.33334,364.3864,331.91287,345.7255,339.66995,359.0
2024-12-25,380.0,418.49786,420.39957,315.13174,434.5717,325.0236,615.0
2024-12-26,440.0,354.3635,383.98373,310.23502,383.52325,344.31863,380.0
2024-12-27,419.0,347.81482,387.34848,273.41302,388.56152,297.37213,440.0
2024-12-28,255.0,379.65054,350.93103,295.35742,391.109,285.65915,419.0
2024-12-29,267.0,245.4892,211.60321,265.08337,259.2572,243.3229,255.0
2024-12-30,520.0,319.5945,359.19714,349.59467,323.02832,285.6026,267.0
2024-12-31,443.0,424.50366,408.41086,386.7545,404.0945,273.89813,520.0
2025-01-01,255.0,431.32013,385.20343,386.5363,402.96335,253.44144,443.0
2025-01-02,311.0,290.21927,296.16943,289.1083,278.201,311.76755,255.0
2025-01-03,309.0,322.37048,369.48053,280.21762,427.03226,302.87463,311.0
2025-01-04,279.0,311.80203,310.29175,270.9154,337.29865,272.81393,309.0
2025-01-05,343.0,261.77823,267.0234,271.0625,283.10867,251.53804,279.0
2025-01-06,453.0,330.3562,348.756,284.55533,303.56122,301.9822,343.0
2025-01-07,356.0,397.83582,357.4979,320.1314,373.71283,289.6974,453.0
2025-01-08,374.0,357.60812,333.94238,311.66214,333.70184,291.30405,356.0
2025-01-09,409.0,355.576,369.85513,305.26086,400.9063,304.3965,374.0
2025-01-10,348.0,325.95486,345.32483,269.9692,371.65564,294.25592,409.0
2025-01-11,289.0,313.44693,306.51422,271.00104,337.1143,279.9675,348.0
2025-01-12,252.0,295.02606,272.34686,237.85194,332.35803,248.16693,289.0
2025-01-13,346.0,335.87314,354.96225,284.29828,306.19907,298.9282,252.0
2025-01-14,419.0,316.73672,335.1072,267.5191,334.94647,288.08426,346.0
2025-01-15,374.0,335.7171,360.73856,284.13824,377.0403,274.05548,419.0
2025-01-16,316.0,318.32465,345.3771,281.4549,388.45444,268.46344,374.0
2025-01-17,338.0,316.898,310.69724,290.3465,310.35608,262.6602,316.0
2025-01-18,305.0,299.41037,319.16833,268.60153,357.23734,248.31227,338.0
2025-01-19,313.0,283.36365,269.06577,261.66022,311.44266,230.75284,305.0
2025-01-20,358.0,341.67847,341.90103,307.91455,299.6177,284.4147,313.0
2025-01-21,398.0,325.90793,326.62674,301.73572,326.61945,265.83514,358.0
2025-01-22,734.0,337.79028,351.69302,312.36667,366.55942,260.01004,398.0
2025-01-23,1017.0,473.54895,410.2454,253.66925,526.1895,260.3877,734.0
2025-01-24,550.0,499.1045,442.56143,277.47226,598.8839,289.04767,1017.0
2025-01-25,340.0,479.79953,353.42484,238.68082,448.7768,272.85464,550.0
2025-01-26,247.0,324.65594,262.76224,283.5991,353.72498,253.09444,340.0
2025-01-27,357.0,368.87048,366.3197,294.72906,256.9191,298.799,247.0
2025-01-28,334.0,372.09195,328.26526,308.54227,379.23682,272.04697,357.0
2025-01-29,483.0,365.2312,342.43616,286.4591,332.50238,274.18216,334.0
2025-01-30,366.0,438.6397,455.82584,296.32114,550.9319,272.725,483.0
2025-01-31,474.0,380.26898,362.22253,297.83902,361.77875,266.32208,366.0
2025-02-01,290.0,408.10968,404.49982,299.50998,447.74374,252.71764,474.0
2025-02-02,333.0,297.63995,283.18716,277.66318,353.43332,225.18047,290.0
2025-02-03,289.0,325.63248,361.46512,280.36356,353.54333,291.18008,333.0
2025-02-04,346.0,333.5383,322.61868,287.0847,337.75592,313.50174,289.0
2025-02-05,269.0,318.49335,318.4934,257.04855,319.84915,313.2314,346.0
2025-02-06,228.0,295.56335,318.22495,280.0234,302.55707,301.76343,269.0
2025-02-07,199.0,240.77429,266.0549,237.74365,281.1284,295.4329,228.0
2025-02-08,289.0,213.76741,259.1069,210.87798,283.7549,274.57565,199.0
2025-02-09,219.0,253.13823,251.85612,193.69226,280.82495,238.14955,289.0
2025-02-10,275.0,261.82462,278.0267,225.449,255.66254,286.2182,219.0
2025-02-11,384.0,243.13408,270.53043,241.00607,246.76755,272.3722,275.0
2025-02-12,319.0,299.61435,328.33676,275.1277,321.1259,263.0041,384.0
2025-02-13,310.0,293.73972,321.25644,264.7629,293.97833,265.1098,319.0
2025-02-14,297.0,284.34183,295.72733,247.49352,297.80252,267.21503,310.0
2025-02-15,325.0,266.7437,273.20355,219.09782,285.8893,254.40292,297.0
2025-02-16,281.0,287.44983,279.71567,299.929,322.18732,219.82492,325.0
2025-02-17,350.0,338.9453,328.8701,287.14093,278.54312,282.83148,281.0
2025-02-18,285.0,324.88705,314.21228,293.45508,309.033,265.17416,350.0
2025-02-19,273.0,307.73343,312.42935,301.2246,297.92184,269.762,285.0
2025-02-20,251.0,266.4941,280.5974,308.09396,256.07724,272.3265,273.0
2025-02-21,237.0,281.08514,266.30826,277.38824,268.28964,271.1833,251.0
2025-02-22,220.0,250.59462,242.24081,243.1785,249.55713,260.59753,237.0
2025-02-23,156.0,219.27979,216.45236,200.82423,239.0277,226.01956,220.0
2025-02-24,374.0,242.68512,241.495,266.6211,208.1932,293.4112,156.0
2025-02-25,378.0,350.8915,323.56476,251.41716,321.2384,273.91434,374.0
2025-02-26,305.0,326.70193,338.52313,276.87485,345.04065,269.14627,378.0
2025-02-27,302.0,306.83173,320.61942,252.02107,312.89285,270.34415,305.0
2025-02-28,227.0,294.18402,295.1799,243.72495,298.30795,264.63776,302.0
2025-03-01,287.0,210.38655,235.925,203.37169,255.12233,251.73041,227.0
2025-03-02,189.0,246.4644,244.97021,193.42093,293.9569,227.0264,287.0
2025-03-03,206.0,240.8358,243.54787,224.70872,220.09042,273.84726,189.0
2025-03-04,273.0,237.67407,249.19759,232.78116,251.03502,264.54776,206.0
2025-03-05,321.0,267.30008,259.0658,225.61922,242.39058,270.86523,273.0
2025-03-06,270.0,277.8025,286.96753,213.48355,271.6669,271.49152,321.0
2025-03-07,323.0,254.19313,267.2003,209.55034,262.10342,257.5286,270.0
2025-03-08,182.0,271.6502,262.3379,193.18477,291.66656,252.23705,323.0
2025-03-09,156.0,197.40453,196.71352,193.15785,240.22285,206.92258,182.0
2025-03-10,257.0,225.26782,229.89833,223.90388,202.48123,253.69907,156.0
2025-03-11,341.0,265.5044,250.2566,238.48059,262.91928,241.49254,257.0
2025-03-12,380.0,316.79572,279.97733,336.09845,267.3269,249.85947,341.0
2025-03-13,405.0,358.36505,324.78427,324.269,331.75525,251.62271,380.0
2025-03-14,1022.0,370.7054,337.22644,327.62527,368.4949,239.93008,405.0
2025-03-15,418.0,465.97284,409.7263,326.43085,533.19305,233.33884,1022.0
2025-03-16,192.0,368.99442,270.8274,290.31036,374.7733,203.95871,418.0
2025-03-17,272.0,261.43475,225.22293,274.20758,201.65234,245.76318,192.0
2025-03-18,319.0,312.31586,306.4723,324.76688,313.32318,238.39511,272.0
2025-03-19,388.0,354.94748,305.17838,299.6177,301.7783,246.48772,319.0
2025-03-20,440.0,384.7564,318.37524,310.8305,320.094,246.27216,388.0
2025-03-21,365.0,373.4781,342.15228,305.32996,359.20334,231.97183,440.0
2025-03-22,347.0,353.84653,329.41428,225.35204,343.97147,218.71732,365.0
2025-03-23,294.0,310.5097,278.00845,236.00862,333.21692,183.94148,347.0
2025-03-24,328.0,332.91907,316.58902,265.8217,324.7769,226.82645,294.0
2025-03-25,323.0,323.2831,323.3878,252.5929,349.46826,223.68898,328.0
2025-03-26,351.0,305.55392,316.48038,242.86632,322.6782,231.13033,323.0
2025-03-27,320.0,335.26733,317.01917,248.35052,324.86227,231.1574,351.0
2025-03-28,297.0,305.6025,308.1314,231.66595,322.44635,217.72615,320.0
2025-03-29,261.0,299.23196,286.33014,204.50044,334.92935,208.44359,297.0
2025-03-30,214.0,239.19847,223.72528,183.04779,275.44376,181.53255,261.0
2025-03-31,252.0,272.2211,281.90244,227.11978,263.55826,228.89015,214.0
2025-04-01,206.0,251.01433,268.4504,223.01689,266.6003,223.0805,252.0
2025-04-02,230.0,251.73482,241.95055,212.14047,238.9665,220.11339,206.0
2025-04-03,266.0,248.16068,243.4591,219.21136,250.64188,226.35115,230.0
2025-04-04,239.0,265.49786,254.63092,210.78436,264.32764,217.47858,266.0
2025-04-05,288.0,231.36948,221.64622,215.41129,233.69243,202.00589,239.0
2025-04-06,174.0,246.88066,233.20859,202.09552,278.44376,178.73729,288.0
2025-04-07,276.0,236.42902,235.23239,210.61858,209.02913,225.34743,174.0
2025-04-08,246.0,241.6929,253.81308,210.9649,245.40115,224.78954,276.0
2025-04-09,349.0,237.07301,225.31377,204.01979,218.48288,228.16788,246.0
2025-04-10,346.0,262.4006,267.70795,238.05876,276.0322,228.79512,349.0
2025-04-11,339.0,288.21088,298.41183,242.98695,318.70972,218.4185,346.0
2025-04-12,246.0,281.70285,291.5117,225.3341,332.88492,202.94582,339.0
2025-04-13,241.0,212.12794,211.52534,201.22475,272.73663,177.93169,246.0
2025-04-14,374.0,290.28064,280.8165,249.98936,262.09875,212.9524,241.0
2025-04-15,314.0,316.907,319.06674,232.19257,365.92325,214.25705,374.0
2025-04-16,237.0,285.29346,283.16672,235.97208,292.3699,216.51138,314.0
2025-04-17,375.0,284.52292,250.70586,224.24562,270.30493,217.19157,237.0
2025-04-18,370.0,323.46252,297.90054,237.46962,346.75183,203.13403,375.0
2025-04-19,288.0,291.74088,306.58884,204.44966,366.76456,183.7239,370.0
2025-04-20,145.0,250.91032,234.57425,177.0138,302.90915,158.41388,288.0
2025-04-21,242.0,227.70871,234.7584,213.7964,227.72511,205.41339,145.0
2025-04-22,321.0,263.1628,258.68344,216.18933,277.67007,206.32544,242.0
2025-04-23,241.0,282.40533,271.43088,228.74445,282.54456,208.48463,321.0
2025-04-24,271.0,254.09468,230.47858,211.51852,233.26053,208.45865,241.0
2025-04-25,322.0,256.53763,253.18433,201.22868,266.18787,199.9329,271.0
2025-04-26,330.0,314.62778,271.56058,233.40744,307.7984,179.3187,322.0
2025-04-27,297.0,273.17624,257.7563,160.68683,316.39075,156.11783,330.0
2025-04-28,376.0,300.87848,274.71042,234.54503,265.59448,194.2547,297.0
2025-04-29,355.0,304.46747,309.5888,220.02786,330.62186,197.16197,376.0
2025-04-30,310.0,321.79648,311.3061,209.83945,334.8897,197.20567,355.0
2025-05-01,224.0,293.3068,286.97336,199.70331,305.51462,197.59706,310.0
2025-05-02,269.0,238.61594,236.57202,197.77748,275.61508,183.21745,224.0
2025-05-03,244.0,222.33707,228.95831,138.98792,267.38028,159.04219,269.0
2025-05-04,182.0,205.64478,208.93593,138.72755,263.7586,138.51839,244.0
2025-05-05,189.0,240.54538,249.0359,181.87318,225.44821,184.16623,182.0
2025-05-06,195.0,212.78903,210.20323,184.72742,219.48112,184.37347,189.0
2025-05-07,192.0,223.76492,221.70952,181.39838,227.27434,185.56078,195.0
2025-05-08,271.0,216.50156,216.79105,182.11823,214.52367,187.28024,192.0
2025-05-09,234.0,226.1714,230.14969,180.40439,237.07715,182.71695,271.0
2025-05-10,192.0,201.0118,200.79094,156.74942,221.77704,157.8926,234.0
2025-05-11,126.0,177.38905,179.19524,146.12396,206.83864,137.36879,192.0
2025-05-12,243.0,208.36028,199.85725,188.74225,181.61833,182.78418,126.0
2025-05-13,237.0,249.44585,268.7068,173.38155,264.44507,183.1639,243.0
2025-05-14,223.0,213.16217,215.72801,172.29839,217.26825,185.01573,237.0
2025-05-15,258.0,202.02167,221.14764,163.62077,218.45946,187.719,223.0
2025-05-16,220.0,222.99535,246.74066,169.37405,250.17686,189.98651,258.0
2025-05-17,237.0,194.16516,200.03299,139.38618,229.74898,168.86748,220.0
2025-05-18,233.0,190.40932,198.40578,121.056244,235.49158,147.42819,237.0
2025-05-19,358.0,233.6554,247.04222,160.21938,237.39977,190.25656,233.0
2025-05-20,241.0,274.80164,282.38678,175.59433,299.64258,192.26775,358.0
2025-05-21,255.0,242.74034,245.35127,176.35875,260.25995,191.30983,241.0
2025-05-22,257.0,244.4812,259.35324,181.54675,269.3799,193.30687,255.0
2025-05-23,222.0,232.75035,242.51157,180.46875,259.7321,183.71916,257.0
2025-05-24,232.0,203.10428,203.09998,201.43675,227.14265,159.28738,222.0
2025-05-25,194.0,195.26978,196.4053,139.25386,243.8224,139.73975,232.0
2025-05-26,242.0,231.56737,229.90431,187.57364,211.30978,185.29224,194.0
2025-05-27,219.0,244.7487,242.65358,190.06068,245.69456,184.73134,242.0
2025-05-28,286.0,224.48004,226.23413,190.20653,225.52899,193.81871,219.0
2025-05-29,193.0,261.9415,271.01733,201.88197,266.0608,186.35413,286.0
2025-05-30,268.0,211.04967,207.6007,188.22757,213.5408,180.9842,193.0
2025-05-31,206.0,218.40881,225.1289,170.65956,252.85037,157.34933,268.0
